source,rmse,mae,skill
A  ECMWF IFS (physics),15.733857791137416,5.698166791885799,0.10926752385278027
B  ECMWF AIFS (AI),10.732819348010326,4.600309917355372,0.392388638514387
C  NOAA GFS,13.905306586955758,6.249682569496619,0.21278631520604596
D  DWD ICON,14.923001950936293,6.223861758076635,0.15517207186182702
E  EC GEM,13.680219738592223,6.271690458302029,0.22552903656863255
F  Persistence (ref),17.663954343724786,7.944424163320329,0.0
Equal-weight mean (naive),10.590151527547127,4.476996243425995,0.40046541553084714
Linear blend (weights),10.575939903489854,4.42746679819627,0.4012699706027596
BLENDED (ours),10.667613015428268,4.428488550790037,0.39608012974637274
