regime,lead_time,w_a,w_b,w_c,w_d,dominant_model,dominant_weight,n_samples
active,1,0.1343,0.7009,0.0156,0.1493,B,0.7009,2662
active,2,0.0003,0.6439,0.2169,0.139,B,0.6439,2662
active,3,0.0,0.5962,0.3175,0.0863,B,0.5962,2662
active,4,0.0,0.5225,0.3519,0.1256,B,0.5225,2662
active,5,0.0,0.499,0.29,0.211,B,0.499,2662
break,1,0.2804,0.5763,0.0745,0.0688,B,0.5763,4719
break,2,0.2958,0.5093,0.1683,0.0266,B,0.5093,4719
break,3,0.2167,0.6299,0.1391,0.0143,B,0.6299,4719
break,4,0.0203,0.8785,0.084,0.0172,B,0.8785,4719
break,5,0.0104,0.7899,0.1792,0.0205,B,0.7899,4719
normal,1,0.1349,0.6748,0.1322,0.058,B,0.6748,3267
normal,2,0.1207,0.5425,0.2742,0.0626,B,0.5425,3267
normal,3,0.1077,0.6359,0.2063,0.0501,B,0.6359,3267
normal,4,0.0476,0.7706,0.1306,0.0512,B,0.7706,3267
normal,5,0.0,0.6952,0.2365,0.0683,B,0.6952,3267
