cell_id,lead_time,w_a,w_b,w_c,w_d,w_e,dominant_model,dominant_weight,n_samples,lat,lon,elevation_m
C000,1,0.1171,0.2871,0.1992,0.3965,0.0,D,0.3965,88,16.0,73.0,0.0
C000,2,0.3664,0.2433,0.2155,0.1235,0.0513,A,0.3664,88,16.0,73.0,0.0
C000,3,0.3246,0.2939,0.1008,0.2807,0.0,A,0.3246,88,16.0,73.0,0.0
C000,4,0.0,0.6028,0.1717,0.1933,0.0323,B,0.6028,88,16.0,73.0,0.0
C000,5,0.0496,0.5805,0.1772,0.0603,0.1324,B,0.5805,88,16.0,73.0,0.0
C001,1,0.3136,0.3098,0.0,0.246,0.1307,A,0.3136,88,16.0,73.5,63.0
C001,2,0.1165,0.4525,0.0,0.4309,0.0,B,0.4525,88,16.0,73.5,63.0
C001,3,0.1614,0.4136,0.0,0.392,0.0329,B,0.4136,88,16.0,73.5,63.0
C001,4,0.0,0.3751,0.102,0.2967,0.2262,B,0.3751,88,16.0,73.5,63.0
C001,5,0.1551,0.3635,0.1821,0.2993,0.0,B,0.3635,88,16.0,73.5,63.0
C002,1,0.2655,0.2412,0.1911,0.0054,0.2968,E,0.2968,88,16.0,74.0,433.0
C002,2,0.2344,0.252,0.1209,0.1167,0.2761,E,0.2761,88,16.0,74.0,433.0
C002,3,0.1007,0.2419,0.205,0.2833,0.1691,D,0.2833,88,16.0,74.0,433.0
C002,4,0.2841,0.3905,0.0692,0.1368,0.1194,B,0.3905,88,16.0,74.0,433.0
C002,5,0.2271,0.4932,0.1032,0.0,0.1765,B,0.4932,88,16.0,74.0,433.0
C003,1,0.2862,0.1856,0.0,0.297,0.2312,D,0.297,88,16.0,74.5,798.0
C003,2,0.1706,0.2338,0.0,0.1889,0.4067,E,0.4067,88,16.0,74.5,798.0
C003,3,0.127,0.2592,0.1711,0.0327,0.4099,E,0.4099,88,16.0,74.5,798.0
C003,4,0.1417,0.2145,0.1151,0.1117,0.417,E,0.417,88,16.0,74.5,798.0
C003,5,0.1025,0.1962,0.2454,0.1022,0.3538,E,0.3538,88,16.0,74.5,798.0
C004,1,0.8429,0.1571,0.0,0.0,0.0,A,0.8429,88,16.0,75.0,682.0
C004,2,0.6295,0.1165,0.0,0.0,0.254,A,0.6295,88,16.0,75.0,682.0
C004,3,0.6464,0.2498,0.0,0.0,0.1038,A,0.6464,88,16.0,75.0,682.0
C004,4,0.3827,0.1277,0.0,0.0,0.4897,E,0.4897,88,16.0,75.0,682.0
C004,5,0.0,0.295,0.55,0.0,0.155,C,0.55,88,16.0,75.0,682.0
C005,1,0.2244,0.6622,0.0,0.0794,0.034,B,0.6622,88,16.0,75.5,663.0
C005,2,0.3826,0.3714,0.0,0.0942,0.1518,A,0.3826,88,16.0,75.5,663.0
C005,3,0.2121,0.6671,0.0,0.0,0.1209,B,0.6671,88,16.0,75.5,663.0
C005,4,0.0,0.4571,0.0,0.0356,0.5072,E,0.5072,88,16.0,75.5,663.0
C005,5,0.0,0.4618,0.0,0.0,0.5382,E,0.5382,88,16.0,75.5,663.0
C006,1,0.0821,0.7065,0.0,0.2114,0.0,B,0.7065,88,16.0,76.0,570.0
C006,2,0.0,0.861,0.0,0.027,0.1121,B,0.861,88,16.0,76.0,570.0
C006,3,0.0,0.8643,0.0,0.0628,0.0729,B,0.8643,88,16.0,76.0,570.0
C006,4,0.0,0.7591,0.0,0.0233,0.2176,B,0.7591,88,16.0,76.0,570.0
C006,5,0.0,0.8805,0.0,0.0032,0.1163,B,0.8805,88,16.0,76.0,570.0
C007,1,0.0,0.8941,0.0,0.1059,0.0,B,0.8941,88,16.0,76.5,523.0
C007,2,0.0,0.6572,0.0,0.3428,0.0,B,0.6572,88,16.0,76.5,523.0
C007,3,0.1929,0.8071,0.0,0.0,0.0,B,0.8071,88,16.0,76.5,523.0
C007,4,0.0,0.9577,0.0,0.0,0.0423,B,0.9577,88,16.0,76.5,523.0
C007,5,0.0,0.9,0.0,0.0,0.1,B,0.9,88,16.0,76.5,523.0
C008,1,0.2164,0.7451,0.0,0.0,0.0385,B,0.7451,88,16.0,77.0,369.0
C008,2,0.0,0.8864,0.0,0.0784,0.0352,B,0.8864,88,16.0,77.0,369.0
C008,3,0.0,0.6445,0.0,0.3555,0.0,B,0.6445,88,16.0,77.0,369.0
C008,4,0.0,1.0,0.0,0.0,0.0,B,1.0,88,16.0,77.0,369.0
C008,5,0.0,1.0,0.0,0.0,0.0,B,1.0,88,16.0,77.0,369.0
C009,1,0.0703,0.8276,0.0,0.0,0.1021,B,0.8276,88,16.0,77.5,340.0
C009,2,0.0,0.9478,0.0,0.0522,0.0,B,0.9478,88,16.0,77.5,340.0
C009,3,0.0,0.927,0.0,0.073,0.0,B,0.927,88,16.0,77.5,340.0
C009,4,0.0053,0.8865,0.0,0.1082,0.0,B,0.8865,88,16.0,77.5,340.0
C009,5,0.0,0.6959,0.0,0.3041,0.0,B,0.6959,88,16.0,77.5,340.0
C010,1,0.2233,0.572,0.0,0.0445,0.1602,B,0.572,88,16.0,78.0,291.0
C010,2,0.1801,0.4503,0.0,0.3696,0.0,B,0.4503,88,16.0,78.0,291.0
C010,3,0.1461,0.5079,0.0,0.346,0.0,B,0.5079,88,16.0,78.0,291.0
C010,4,0.0493,0.6946,0.0,0.2561,0.0,B,0.6946,88,16.0,78.0,291.0
C010,5,0.0,0.4878,0.0,0.5122,0.0,D,0.5122,88,16.0,78.0,291.0
C011,1,0.3245,0.5186,0.0,0.0487,0.1081,B,0.5186,88,16.5,73.0,0.0
C011,2,0.2524,0.508,0.0833,0.1202,0.0361,B,0.508,88,16.5,73.0,0.0
C011,3,0.3047,0.4654,0.1096,0.0442,0.076,B,0.4654,88,16.5,73.0,0.0
C011,4,0.135,0.6294,0.1126,0.0984,0.0246,B,0.6294,88,16.5,73.0,0.0
C011,5,0.0622,0.6485,0.0665,0.0,0.2228,B,0.6485,88,16.5,73.0,0.0
C012,1,0.1368,0.3207,0.0,0.3145,0.2279,B,0.3207,88,16.5,73.5,154.0
C012,2,0.1108,0.4233,0.0199,0.2801,0.1659,B,0.4233,88,16.5,73.5,154.0
C012,3,0.1684,0.3837,0.055,0.1918,0.2012,B,0.3837,88,16.5,73.5,154.0
C012,4,0.0451,0.5139,0.0749,0.1255,0.2406,B,0.5139,88,16.5,73.5,154.0
C012,5,0.071,0.4997,0.0892,0.0949,0.2452,B,0.4997,88,16.5,73.5,154.0
C013,1,0.463,0.3244,0.0,0.1315,0.0811,A,0.463,88,16.5,74.0,615.0
C013,2,0.4723,0.119,0.0,0.2728,0.1359,A,0.4723,88,16.5,74.0,615.0
C013,3,0.3591,0.1563,0.3215,0.1567,0.0065,A,0.3591,88,16.5,74.0,615.0
C013,4,0.3929,0.3405,0.0327,0.1863,0.0476,A,0.3929,88,16.5,74.0,615.0
C013,5,0.2446,0.2778,0.329,0.0948,0.0537,C,0.329,88,16.5,74.0,615.0
C014,1,0.0,0.4315,0.0,0.3781,0.1905,B,0.4315,88,16.5,74.5,570.0
C014,2,0.0,0.4006,0.0,0.1714,0.4279,E,0.4279,88,16.5,74.5,570.0
C014,3,0.0,0.3955,0.0,0.0551,0.5494,E,0.5494,88,16.5,74.5,570.0
C014,4,0.0,0.406,0.1735,0.0,0.4205,E,0.4205,88,16.5,74.5,570.0
C014,5,0.0,0.3328,0.0325,0.2044,0.4303,E,0.4303,88,16.5,74.5,570.0
C015,1,0.2497,0.258,0.0,0.0,0.4923,E,0.4923,88,16.5,75.0,546.0
C015,2,0.1234,0.4829,0.0,0.0,0.3936,B,0.4829,88,16.5,75.0,546.0
C015,3,0.0,0.5138,0.0,0.0,0.4862,B,0.5138,88,16.5,75.0,546.0
C015,4,0.0,0.4572,0.0,0.0,0.5428,E,0.5428,88,16.5,75.0,546.0
C015,5,0.0,0.3526,0.0,0.0,0.6474,E,0.6474,88,16.5,75.0,546.0
C016,1,0.3886,0.4973,0.0,0.0,0.1141,B,0.4973,88,16.5,75.5,537.0
C016,2,0.0438,0.867,0.0009,0.0,0.0883,B,0.867,88,16.5,75.5,537.0
C016,3,0.0,0.7381,0.0,0.0,0.2619,B,0.7381,88,16.5,75.5,537.0
C016,4,0.0,0.5421,0.0,0.0,0.4579,B,0.5421,88,16.5,75.5,537.0
C016,5,0.0,0.616,0.0,0.2349,0.1492,B,0.616,88,16.5,75.5,537.0
C017,1,0.2966,0.676,0.0,0.0,0.0274,B,0.676,88,16.5,76.0,572.0
C017,2,0.0257,0.8581,0.0,0.0,0.1162,B,0.8581,88,16.5,76.0,572.0
C017,3,0.1105,0.815,0.0745,0.0,0.0,B,0.815,88,16.5,76.0,572.0
C017,4,0.0359,0.7846,0.0,0.0,0.1795,B,0.7846,88,16.5,76.0,572.0
C017,5,0.0,0.6106,0.0,0.0,0.3894,B,0.6106,88,16.5,76.0,572.0
C018,1,0.2922,0.7078,0.0,0.0,0.0,B,0.7078,88,16.5,76.5,477.0
C018,2,0.0,0.7638,0.0,0.2362,0.0,B,0.7638,88,16.5,76.5,477.0
C018,3,0.0122,0.7985,0.0,0.1894,0.0,B,0.7985,88,16.5,76.5,477.0
C018,4,0.0587,0.8823,0.059,0.0,0.0,B,0.8823,88,16.5,76.5,477.0
C018,5,0.0,0.8775,0.0,0.0,0.1225,B,0.8775,88,16.5,76.5,477.0
C019,1,0.1588,0.8412,0.0,0.0,0.0,B,0.8412,88,16.5,77.0,357.0
C019,2,0.0,1.0,0.0,0.0,0.0,B,1.0,88,16.5,77.0,357.0
C019,3,0.1661,0.8339,0.0,0.0,0.0,B,0.8339,88,16.5,77.0,357.0
C019,4,0.0,1.0,0.0,0.0,0.0,B,1.0,88,16.5,77.0,357.0
C019,5,0.0,1.0,0.0,0.0,0.0,B,1.0,88,16.5,77.0,357.0
C020,1,0.2545,0.549,0.0,0.0,0.1965,B,0.549,88,16.5,77.5,369.0
C020,2,0.0,0.7018,0.0,0.2982,0.0,B,0.7018,88,16.5,77.5,369.0
C020,3,0.0627,0.548,0.0,0.3893,0.0,B,0.548,88,16.5,77.5,369.0
C020,4,0.0024,0.6285,0.0,0.369,0.0,B,0.6285,88,16.5,77.5,369.0
C020,5,0.0,0.4429,0.0,0.5571,0.0,D,0.5571,88,16.5,77.5,369.0
C021,1,0.2557,0.342,0.0,0.4023,0.0,D,0.4023,88,16.5,78.0,394.0
C021,2,0.0886,0.486,0.0,0.3695,0.0559,B,0.486,88,16.5,78.0,394.0
C021,3,0.0,0.3042,0.0,0.6958,0.0,D,0.6958,88,16.5,78.0,394.0
C021,4,0.0018,0.4016,0.0,0.5966,0.0,D,0.5966,88,16.5,78.0,394.0
C021,5,0.0,0.501,0.0,0.499,0.0,B,0.501,88,16.5,78.0,394.0
C022,1,0.1426,0.5744,0.1761,0.1069,0.0,B,0.5744,88,17.0,73.0,0.0
C022,2,0.4112,0.3836,0.009,0.1962,0.0,A,0.4112,88,17.0,73.0,0.0
C022,3,0.3892,0.5286,0.0,0.0822,0.0,B,0.5286,88,17.0,73.0,0.0
C022,4,0.2072,0.6557,0.0,0.1038,0.0333,B,0.6557,88,17.0,73.0,0.0
C022,5,0.034,0.7567,0.0,0.1097,0.0996,B,0.7567,88,17.0,73.0,0.0
C023,1,0.3007,0.5097,0.038,0.0,0.1516,B,0.5097,88,17.0,73.5,164.0
C023,2,0.2267,0.4265,0.0,0.2545,0.0924,B,0.4265,88,17.0,73.5,164.0
C023,3,0.0834,0.3175,0.0533,0.5458,0.0,D,0.5458,88,17.0,73.5,164.0
C023,4,0.1282,0.4732,0.0033,0.2641,0.1312,B,0.4732,88,17.0,73.5,164.0
C023,5,0.0905,0.591,0.0036,0.1732,0.1417,B,0.591,88,17.0,73.5,164.0
C024,1,0.1336,0.4952,0.0995,0.2717,0.0,B,0.4952,88,17.0,74.0,563.0
C024,2,0.0655,0.6656,0.0,0.2508,0.0181,B,0.6656,88,17.0,74.0,563.0
C024,3,0.0,0.5428,0.0,0.4572,0.0,B,0.5428,88,17.0,74.0,563.0
C024,4,0.0,0.4983,0.1627,0.3029,0.0361,B,0.4983,88,17.0,74.0,563.0
C024,5,0.0405,0.6034,0.1655,0.1025,0.0881,B,0.6034,88,17.0,74.0,563.0
C025,1,0.4336,0.2554,0.0,0.2023,0.1087,A,0.4336,88,17.0,74.5,552.0
C025,2,0.1647,0.6549,0.0,0.1804,0.0,B,0.6549,88,17.0,74.5,552.0
C025,3,0.0073,0.6089,0.0662,0.0,0.3176,B,0.6089,88,17.0,74.5,552.0
C025,4,0.0,0.5417,0.2564,0.0,0.2019,B,0.5417,88,17.0,74.5,552.0
C025,5,0.0695,0.4112,0.0166,0.132,0.3706,B,0.4112,88,17.0,74.5,552.0
C026,1,0.323,0.4106,0.0,0.1707,0.0957,B,0.4106,88,17.0,75.0,637.0
C026,2,0.2662,0.6477,0.086,0.0,0.0,B,0.6477,88,17.0,75.0,637.0
C026,3,0.0909,0.5649,0.0,0.0,0.3442,B,0.5649,88,17.0,75.0,637.0
C026,4,0.0,0.5168,0.0705,0.0,0.4127,B,0.5168,88,17.0,75.0,637.0
C026,5,0.0,0.4358,0.0,0.092,0.4723,E,0.4723,88,17.0,75.0,637.0
C027,1,0.3979,0.4568,0.0,0.0,0.1453,B,0.4568,88,17.0,75.5,549.0
C027,2,0.4533,0.5467,0.0,0.0,0.0,B,0.5467,88,17.0,75.5,549.0
C027,3,0.2641,0.4609,0.0,0.0,0.2751,B,0.4609,88,17.0,75.5,549.0
C027,4,0.0,0.6752,0.0,0.0,0.3248,B,0.6752,88,17.0,75.5,549.0
C027,5,0.3141,0.5011,0.0,0.0,0.1847,B,0.5011,88,17.0,75.5,549.0
C028,1,0.1435,0.6214,0.0,0.2128,0.0223,B,0.6214,88,17.0,76.0,472.0
C028,2,0.2354,0.7646,0.0,0.0,0.0,B,0.7646,88,17.0,76.0,472.0
C028,3,0.2633,0.7367,0.0,0.0,0.0,B,0.7367,88,17.0,76.0,472.0
C028,4,0.2105,0.7895,0.0,0.0,0.0,B,0.7895,88,17.0,76.0,472.0
C028,5,0.0,0.6807,0.0,0.0,0.3193,B,0.6807,88,17.0,76.0,472.0
C029,1,0.0293,0.9413,0.0294,0.0,0.0,B,0.9413,88,17.0,76.5,416.0
C029,2,0.2188,0.7812,0.0,0.0,0.0,B,0.7812,88,17.0,76.5,416.0
C029,3,0.0735,0.9265,0.0,0.0,0.0,B,0.9265,88,17.0,76.5,416.0
C029,4,0.0,1.0,0.0,0.0,0.0,B,1.0,88,17.0,76.5,416.0
C029,5,0.0,0.9243,0.0,0.0,0.0757,B,0.9243,88,17.0,76.5,416.0
C030,1,0.0,0.7502,0.0,0.2193,0.0305,B,0.7502,88,17.0,77.0,396.0
C030,2,0.0451,0.7048,0.0,0.2501,0.0,B,0.7048,88,17.0,77.0,396.0
C030,3,0.0224,0.8261,0.0,0.1515,0.0,B,0.8261,88,17.0,77.0,396.0
C030,4,0.0,1.0,0.0,0.0,0.0,B,1.0,88,17.0,77.0,396.0
C030,5,0.0,0.9815,0.0,0.0,0.0185,B,0.9815,88,17.0,77.0,396.0
C031,1,0.0,0.5301,0.0,0.1243,0.3456,B,0.5301,88,17.0,77.5,581.0
C031,2,0.1131,0.4757,0.0,0.4112,0.0,B,0.4757,88,17.0,77.5,581.0
C031,3,0.0612,0.4768,0.0,0.4619,0.0,B,0.4768,88,17.0,77.5,581.0
C031,4,0.0,0.6663,0.0,0.3337,0.0,B,0.6663,88,17.0,77.5,581.0
C031,5,0.0,0.7425,0.0,0.2575,0.0,B,0.7425,88,17.0,77.5,581.0
C032,1,0.0676,0.4336,0.0,0.238,0.2608,B,0.4336,88,17.0,78.0,648.0
C032,2,0.0,0.5983,0.1649,0.2368,0.0,B,0.5983,88,17.0,78.0,648.0
C032,3,0.071,0.5211,0.0,0.2981,0.1098,B,0.5211,88,17.0,78.0,648.0
C032,4,0.0,0.6429,0.0,0.3571,0.0,B,0.6429,88,17.0,78.0,648.0
C032,5,0.0,0.6842,0.0,0.3158,0.0,B,0.6842,88,17.0,78.0,648.0
C033,1,0.2121,0.4728,0.1117,0.2033,0.0,B,0.4728,88,17.5,73.0,0.0
C033,2,0.126,0.5217,0.1432,0.2091,0.0,B,0.5217,88,17.5,73.0,0.0
C033,3,0.0686,0.8673,0.0,0.0641,0.0,B,0.8673,88,17.5,73.0,0.0
C033,4,0.2034,0.7966,0.0,0.0,0.0,B,0.7966,88,17.5,73.0,0.0
C033,5,0.3962,0.6038,0.0,0.0,0.0,B,0.6038,88,17.5,73.0,0.0
C034,1,0.503,0.2527,0.0895,0.0819,0.073,A,0.503,88,17.5,73.5,36.0
C034,2,0.3983,0.3893,0.045,0.1674,0.0,A,0.3983,88,17.5,73.5,36.0
C034,3,0.2551,0.5239,0.0307,0.1903,0.0,B,0.5239,88,17.5,73.5,36.0
C034,4,0.1528,0.7203,0.0308,0.0961,0.0,B,0.7203,88,17.5,73.5,36.0
C034,5,0.2407,0.7395,0.0106,0.0,0.0092,B,0.7395,88,17.5,73.5,36.0
C035,1,0.3412,0.3081,0.0,0.3507,0.0,D,0.3507,88,17.5,74.0,611.0
C035,2,0.6241,0.1621,0.0,0.2138,0.0,A,0.6241,88,17.5,74.0,611.0
C035,3,0.0,0.5526,0.0,0.4474,0.0,B,0.5526,88,17.5,74.0,611.0
C035,4,0.0,0.5582,0.2756,0.1662,0.0,B,0.5582,88,17.5,74.0,611.0
C035,5,0.0,0.6339,0.3116,0.0465,0.008,B,0.6339,88,17.5,74.0,611.0
C036,1,0.174,0.2671,0.0378,0.521,0.0,D,0.521,88,17.5,74.5,691.0
C036,2,0.0952,0.5206,0.0,0.3841,0.0,B,0.5206,88,17.5,74.5,691.0
C036,3,0.0,0.4226,0.0,0.4605,0.1169,D,0.4605,88,17.5,74.5,691.0
C036,4,0.0,0.3705,0.0107,0.1479,0.4709,E,0.4709,88,17.5,74.5,691.0
C036,5,0.0,0.3723,0.6277,0.0,0.0,C,0.6277,88,17.5,74.5,691.0
C037,1,0.2912,0.3703,0.0856,0.2529,0.0,B,0.3703,88,17.5,75.0,566.0
C037,2,0.288,0.6952,0.0,0.0168,0.0,B,0.6952,88,17.5,75.0,566.0
C037,3,0.0557,0.6828,0.0,0.2225,0.0389,B,0.6828,88,17.5,75.0,566.0
C037,4,0.2186,0.458,0.0,0.1246,0.1987,B,0.458,88,17.5,75.0,566.0
C037,5,0.3896,0.42,0.0,0.0,0.1904,B,0.42,88,17.5,75.0,566.0
C038,1,0.3127,0.6551,0.0322,0.0,0.0,B,0.6551,88,17.5,75.5,444.0
C038,2,0.2787,0.7213,0.0,0.0,0.0,B,0.7213,88,17.5,75.5,444.0
C038,3,0.1292,0.8708,0.0,0.0,0.0,B,0.8708,88,17.5,75.5,444.0
C038,4,0.1961,0.6457,0.0,0.131,0.0271,B,0.6457,88,17.5,75.5,444.0
C038,5,0.0,0.684,0.0,0.0,0.316,B,0.684,88,17.5,75.5,444.0
C039,1,0.3907,0.6093,0.0,0.0,0.0,B,0.6093,88,17.5,76.0,462.0
C039,2,0.3477,0.6523,0.0,0.0,0.0,B,0.6523,88,17.5,76.0,462.0
C039,3,0.0686,0.8003,0.0,0.1312,0.0,B,0.8003,88,17.5,76.0,462.0
C039,4,0.0,0.959,0.0,0.041,0.0,B,0.959,88,17.5,76.0,462.0
C039,5,0.0,1.0,0.0,0.0,0.0,B,1.0,88,17.5,76.0,462.0
C040,1,0.2325,0.7179,0.0496,0.0,0.0,B,0.7179,88,17.5,76.5,521.0
C040,2,0.1422,0.6726,0.0,0.1852,0.0,B,0.6726,88,17.5,76.5,521.0
C040,3,0.0012,0.6123,0.0,0.3865,0.0,B,0.6123,88,17.5,76.5,521.0
C040,4,0.0,0.758,0.0,0.242,0.0,B,0.758,88,17.5,76.5,521.0
C040,5,0.0,0.7953,0.0,0.1832,0.0214,B,0.7953,88,17.5,76.5,521.0
C041,1,0.2181,0.6879,0.0655,0.0285,0.0,B,0.6879,88,17.5,77.0,457.0
C041,2,0.0,0.5601,0.0,0.4399,0.0,B,0.5601,88,17.5,77.0,457.0
C041,3,0.0687,0.5477,0.0,0.3835,0.0,B,0.5477,88,17.5,77.0,457.0
C041,4,0.0,0.8292,0.0,0.1708,0.0,B,0.8292,88,17.5,77.0,457.0
C041,5,0.0,0.5072,0.0,0.4475,0.0453,B,0.5072,88,17.5,77.0,457.0
C042,1,0.0,0.405,0.1957,0.3212,0.0781,B,0.405,88,17.5,77.5,603.0
C042,2,0.0,0.5132,0.0,0.4868,0.0,B,0.5132,88,17.5,77.5,603.0
C042,3,0.0144,0.4455,0.0,0.2859,0.2542,B,0.4455,88,17.5,77.5,603.0
C042,4,0.0,0.5877,0.0,0.4123,0.0,B,0.5877,88,17.5,77.5,603.0
C042,5,0.0,0.5486,0.0,0.4514,0.0,B,0.5486,88,17.5,77.5,603.0
C043,1,0.0,0.6791,0.0,0.3209,0.0,B,0.6791,88,17.5,78.0,587.0
C043,2,0.0,0.6641,0.0,0.0,0.3359,B,0.6641,88,17.5,78.0,587.0
C043,3,0.0,0.6992,0.0,0.1594,0.1413,B,0.6992,88,17.5,78.0,587.0
C043,4,0.0,0.7665,0.0,0.2335,0.0,B,0.7665,88,17.5,78.0,587.0
C043,5,0.0,0.7139,0.0089,0.2772,0.0,B,0.7139,88,17.5,78.0,587.0
C044,1,0.426,0.1653,0.0763,0.3324,0.0,A,0.426,88,18.0,73.0,0.0
C044,2,0.3835,0.3205,0.0,0.2959,0.0,A,0.3835,88,18.0,73.0,0.0
C044,3,0.3303,0.5861,0.0162,0.0673,0.0,B,0.5861,88,18.0,73.0,0.0
C044,4,0.3006,0.6578,0.0104,0.0,0.0311,B,0.6578,88,18.0,73.0,0.0
C044,5,0.3021,0.439,0.0,0.044,0.215,B,0.439,88,18.0,73.0,0.0
C045,1,0.2916,0.2939,0.2466,0.1039,0.0641,B,0.2939,88,18.0,73.5,132.0
C045,2,0.2434,0.4042,0.0,0.3207,0.0317,B,0.4042,88,18.0,73.5,132.0
C045,3,0.1598,0.712,0.0,0.1282,0.0,B,0.712,88,18.0,73.5,132.0
C045,4,0.0739,0.5837,0.2417,0.0,0.1006,B,0.5837,88,18.0,73.5,132.0
C045,5,0.1168,0.4157,0.0017,0.2374,0.2284,B,0.4157,88,18.0,73.5,132.0
C046,1,0.3367,0.1718,0.2074,0.2514,0.0327,A,0.3367,88,18.0,74.0,831.0
C046,2,0.0593,0.4987,0.2062,0.2358,0.0,B,0.4987,88,18.0,74.0,831.0
C046,3,0.0,0.5304,0.2031,0.2323,0.0342,B,0.5304,88,18.0,74.0,831.0
C046,4,0.1432,0.3109,0.3413,0.0,0.2045,C,0.3413,88,18.0,74.0,831.0
C046,5,0.2112,0.3259,0.3017,0.0,0.1612,B,0.3259,88,18.0,74.0,831.0
C047,1,0.0249,0.543,0.4321,0.0,0.0,B,0.543,88,18.0,74.5,549.0
C047,2,0.0144,0.6421,0.3436,0.0,0.0,B,0.6421,88,18.0,74.5,549.0
C047,3,0.1465,0.5108,0.3427,0.0,0.0,B,0.5108,88,18.0,74.5,549.0
C047,4,0.5623,0.3122,0.0,0.0,0.1255,A,0.5623,88,18.0,74.5,549.0
C047,5,0.4371,0.3889,0.0,0.0,0.174,A,0.4371,88,18.0,74.5,549.0
C048,1,0.0,0.7734,0.2266,0.0,0.0,B,0.7734,88,18.0,75.0,478.0
C048,2,0.0,0.7464,0.2536,0.0,0.0,B,0.7464,88,18.0,75.0,478.0
C048,3,0.1568,0.5094,0.1816,0.1522,0.0,B,0.5094,88,18.0,75.0,478.0
C048,4,0.1095,0.6901,0.0,0.2005,0.0,B,0.6901,88,18.0,75.0,478.0
C048,5,0.3179,0.6821,0.0,0.0,0.0,B,0.6821,88,18.0,75.0,478.0
C049,1,0.2545,0.7455,0.0,0.0,0.0,B,0.7455,88,18.0,75.5,501.0
C049,2,0.2425,0.7575,0.0,0.0,0.0,B,0.7575,88,18.0,75.5,501.0
C049,3,0.0,0.7464,0.0224,0.2312,0.0,B,0.7464,88,18.0,75.5,501.0
C049,4,0.0,0.7184,0.0,0.2816,0.0,B,0.7184,88,18.0,75.5,501.0
C049,5,0.0,0.5441,0.0,0.4559,0.0,B,0.5441,88,18.0,75.5,501.0
C050,1,0.2897,0.7103,0.0,0.0,0.0,B,0.7103,88,18.0,76.0,524.0
C050,2,0.0,0.869,0.131,0.0,0.0,B,0.869,88,18.0,76.0,524.0
C050,3,0.0,0.6866,0.1452,0.1681,0.0,B,0.6866,88,18.0,76.0,524.0
C050,4,0.0,0.67,0.0,0.33,0.0,B,0.67,88,18.0,76.0,524.0
C050,5,0.0,0.7004,0.0,0.2996,0.0,B,0.7004,88,18.0,76.0,524.0
C051,1,0.1136,0.8864,0.0,0.0,0.0,B,0.8864,88,18.0,76.5,611.0
C051,2,0.0,0.6706,0.0,0.3294,0.0,B,0.6706,88,18.0,76.5,611.0
C051,3,0.0,0.7098,0.0,0.2902,0.0,B,0.7098,88,18.0,76.5,611.0
C051,4,0.0,0.6228,0.0,0.3772,0.0,B,0.6228,88,18.0,76.5,611.0
C051,5,0.0,0.4768,0.0,0.5232,0.0,D,0.5232,88,18.0,76.5,611.0
C052,1,0.1312,0.8304,0.0,0.0384,0.0,B,0.8304,88,18.0,77.0,613.0
C052,2,0.0,0.6089,0.0,0.3601,0.031,B,0.6089,88,18.0,77.0,613.0
C052,3,0.0,0.5623,0.0,0.3138,0.1239,B,0.5623,88,18.0,77.0,613.0
C052,4,0.0,0.5586,0.0,0.4414,0.0,B,0.5586,88,18.0,77.0,613.0
C052,5,0.0,0.5696,0.0,0.4304,0.0,B,0.5696,88,18.0,77.0,613.0
C053,1,0.2831,0.5226,0.0,0.1784,0.016,B,0.5226,88,18.0,77.5,560.0
C053,2,0.0,0.501,0.0,0.4456,0.0534,B,0.501,88,18.0,77.5,560.0
C053,3,0.0,0.705,0.0,0.0802,0.2148,B,0.705,88,18.0,77.5,560.0
C053,4,0.0,0.4908,0.0,0.5092,0.0,D,0.5092,88,18.0,77.5,560.0
C053,5,0.0,0.7644,0.0,0.2356,0.0,B,0.7644,88,18.0,77.5,560.0
C054,1,0.0405,0.6284,0.0,0.3053,0.0258,B,0.6284,88,18.0,78.0,515.0
C054,2,0.0,0.4156,0.0,0.326,0.2584,B,0.4156,88,18.0,78.0,515.0
C054,3,0.0,0.6627,0.0,0.0116,0.3257,B,0.6627,88,18.0,78.0,515.0
C054,4,0.0,0.5428,0.0,0.4313,0.0259,B,0.5428,88,18.0,78.0,515.0
C054,5,0.0,0.8211,0.0,0.1789,0.0,B,0.8211,88,18.0,78.0,515.0
C055,1,0.1779,0.505,0.1349,0.0,0.1821,B,0.505,88,18.5,73.0,32.0
C055,2,0.2357,0.3032,0.0,0.4542,0.0069,D,0.4542,88,18.5,73.0,32.0
C055,3,0.4002,0.3749,0.178,0.0469,0.0,A,0.4002,88,18.5,73.0,32.0
C055,4,0.5517,0.1672,0.0,0.0,0.2811,A,0.5517,88,18.5,73.0,32.0
C055,5,0.3475,0.1698,0.0935,0.0,0.3893,E,0.3893,88,18.5,73.0,32.0
C056,1,0.4609,0.0,0.3328,0.0,0.2063,A,0.4609,88,18.5,73.5,631.0
C056,2,0.1648,0.0,0.2316,0.3942,0.2093,D,0.3942,88,18.5,73.5,631.0
C056,3,0.1585,0.2032,0.331,0.137,0.1703,C,0.331,88,18.5,73.5,631.0
C056,4,0.326,0.0786,0.3377,0.0,0.2577,C,0.3377,88,18.5,73.5,631.0
C056,5,0.5939,0.1472,0.0412,0.0008,0.2168,A,0.5939,88,18.5,73.5,631.0
C057,1,0.0,0.4317,0.3277,0.047,0.1936,B,0.4317,88,18.5,74.0,542.0
C057,2,0.4888,0.4866,0.0246,0.0,0.0,A,0.4888,88,18.5,74.0,542.0
C057,3,0.0,0.4749,0.0437,0.4814,0.0,D,0.4814,88,18.5,74.0,542.0
C057,4,0.2744,0.2862,0.0,0.203,0.2363,B,0.2862,88,18.5,74.0,542.0
C057,5,0.3456,0.2604,0.0,0.0,0.3941,E,0.3941,88,18.5,74.0,542.0
C058,1,0.0,0.5963,0.3849,0.0,0.0188,B,0.5963,88,18.5,74.5,507.0
C058,2,0.4308,0.5307,0.0385,0.0,0.0,B,0.5307,88,18.5,74.5,507.0
C058,3,0.2214,0.5338,0.0548,0.0451,0.1449,B,0.5338,88,18.5,74.5,507.0
C058,4,0.3747,0.4838,0.0,0.1415,0.0,B,0.4838,88,18.5,74.5,507.0
C058,5,0.1617,0.5092,0.2554,0.0,0.0736,B,0.5092,88,18.5,74.5,507.0
C059,1,0.0,0.672,0.328,0.0,0.0,B,0.672,88,18.5,75.0,589.0
C059,2,0.1714,0.6199,0.2086,0.0,0.0,B,0.6199,88,18.5,75.0,589.0
C059,3,0.126,0.5254,0.3486,0.0,0.0,B,0.5254,88,18.5,75.0,589.0
C059,4,0.2959,0.6215,0.0,0.0826,0.0,B,0.6215,88,18.5,75.0,589.0
C059,5,0.1707,0.6224,0.2069,0.0,0.0,B,0.6224,88,18.5,75.0,589.0
C060,1,0.0,1.0,0.0,0.0,0.0,B,1.0,88,18.5,75.5,587.0
C060,2,0.1005,0.8995,0.0,0.0,0.0,B,0.8995,88,18.5,75.5,587.0
C060,3,0.0662,0.7356,0.1982,0.0,0.0,B,0.7356,88,18.5,75.5,587.0
C060,4,0.3039,0.4445,0.0,0.2516,0.0,B,0.4445,88,18.5,75.5,587.0
C060,5,0.1941,0.785,0.0,0.021,0.0,B,0.785,88,18.5,75.5,587.0
C061,1,0.0,1.0,0.0,0.0,0.0,B,1.0,88,18.5,76.0,692.0
C061,2,0.1012,0.6181,0.19,0.0907,0.0,B,0.6181,88,18.5,76.0,692.0
C061,3,0.0348,0.6721,0.0289,0.2642,0.0,B,0.6721,88,18.5,76.0,692.0
C061,4,0.0,0.7147,0.0,0.2853,0.0,B,0.7147,88,18.5,76.0,692.0
C061,5,0.0525,0.578,0.0,0.3695,0.0,B,0.578,88,18.5,76.0,692.0
C062,1,0.0,0.842,0.0,0.0,0.158,B,0.842,88,18.5,76.5,611.0
C062,2,0.0,0.7316,0.0194,0.2491,0.0,B,0.7316,88,18.5,76.5,611.0
C062,3,0.0,0.5098,0.1661,0.324,0.0,B,0.5098,88,18.5,76.5,611.0
C062,4,0.0,0.6402,0.0,0.3598,0.0,B,0.6402,88,18.5,76.5,611.0
C062,5,0.0,0.5119,0.0,0.4881,0.0,B,0.5119,88,18.5,76.5,611.0
C063,1,0.0393,0.8581,0.0,0.0,0.1026,B,0.8581,88,18.5,77.0,553.0
C063,2,0.0,0.5948,0.0,0.2833,0.1219,B,0.5948,88,18.5,77.0,553.0
C063,3,0.0,0.4204,0.0,0.4911,0.0885,D,0.4911,88,18.5,77.0,553.0
C063,4,0.0,0.603,0.0,0.2975,0.0995,B,0.603,88,18.5,77.0,553.0
C063,5,0.0,0.3925,0.0,0.5367,0.0708,D,0.5367,88,18.5,77.0,553.0
C064,1,0.2263,0.4873,0.0,0.0737,0.2127,B,0.4873,88,18.5,77.5,379.0
C064,2,0.0,0.4475,0.0,0.4355,0.1171,B,0.4475,88,18.5,77.5,379.0
C064,3,0.0,0.3612,0.0,0.199,0.4398,E,0.4398,88,18.5,77.5,379.0
C064,4,0.0,0.4944,0.0,0.4249,0.0807,B,0.4944,88,18.5,77.5,379.0
C064,5,0.0,0.5471,0.0,0.4529,0.0,B,0.5471,88,18.5,77.5,379.0
C065,1,0.0007,0.6664,0.0,0.2165,0.1165,B,0.6664,88,18.5,78.0,450.0
C065,2,0.0,0.4886,0.0,0.4553,0.0561,B,0.4886,88,18.5,78.0,450.0
C065,3,0.0,0.411,0.0216,0.2867,0.2807,B,0.411,88,18.5,78.0,450.0
C065,4,0.0,0.3801,0.0,0.4405,0.1794,D,0.4405,88,18.5,78.0,450.0
C065,5,0.0331,0.3856,0.0,0.5813,0.0,D,0.5813,88,18.5,78.0,450.0
C066,1,0.6294,0.0,0.0,0.0849,0.2858,A,0.6294,88,19.0,73.0,0.0
C066,2,0.3527,0.3018,0.0,0.0,0.3455,A,0.3527,88,19.0,73.0,0.0
C066,3,0.1612,0.4294,0.0204,0.0,0.389,B,0.4294,88,19.0,73.0,0.0
C066,4,0.2217,0.2412,0.0,0.0,0.5371,E,0.5371,88,19.0,73.0,0.0
C066,5,0.2511,0.298,0.0431,0.0,0.4077,E,0.4077,88,19.0,73.0,0.0
C067,1,0.4073,0.1635,0.0221,0.1718,0.2354,A,0.4073,88,19.0,73.5,194.0
C067,2,0.1457,0.1085,0.1696,0.328,0.2483,D,0.328,88,19.0,73.5,194.0
C067,3,0.0932,0.2995,0.096,0.0,0.5113,E,0.5113,88,19.0,73.5,194.0
C067,4,0.2467,0.3007,0.0,0.0,0.4525,E,0.4525,88,19.0,73.5,194.0
C067,5,0.1007,0.3806,0.0,0.0462,0.4725,E,0.4725,88,19.0,73.5,194.0
C068,1,0.0,0.6781,0.0336,0.2884,0.0,B,0.6781,88,19.0,74.0,614.0
C068,2,0.0,0.3518,0.3196,0.3075,0.0211,B,0.3518,88,19.0,74.0,614.0
C068,3,0.0,0.339,0.0696,0.5914,0.0,D,0.5914,88,19.0,74.0,614.0
C068,4,0.1339,0.4208,0.0,0.2601,0.1851,B,0.4208,88,19.0,74.0,614.0
C068,5,0.0,0.3053,0.0,0.2028,0.4919,E,0.4919,88,19.0,74.0,614.0
C069,1,0.1397,0.5529,0.1717,0.0602,0.0755,B,0.5529,88,19.0,74.5,762.0
C069,2,0.0794,0.8561,0.0028,0.0617,0.0,B,0.8561,88,19.0,74.5,762.0
C069,3,0.1704,0.3976,0.1944,0.212,0.0256,B,0.3976,88,19.0,74.5,762.0
C069,4,0.5679,0.1772,0.0,0.1044,0.1506,A,0.5679,88,19.0,74.5,762.0
C069,5,0.0108,0.321,0.1397,0.3872,0.1412,D,0.3872,88,19.0,74.5,762.0
C070,1,0.2486,0.699,0.0523,0.0,0.0,B,0.699,88,19.0,75.0,709.0
C070,2,0.1249,0.5325,0.0,0.3426,0.0,B,0.5325,88,19.0,75.0,709.0
C070,3,0.0401,0.44,0.273,0.247,0.0,B,0.44,88,19.0,75.0,709.0
C070,4,0.3492,0.1443,0.0,0.3231,0.1834,A,0.3492,88,19.0,75.0,709.0
C070,5,0.1107,0.248,0.0,0.4669,0.1744,D,0.4669,88,19.0,75.0,709.0
C071,1,0.2555,0.7351,0.0,0.0093,0.0,B,0.7351,88,19.0,75.5,560.0
C071,2,0.0777,0.5693,0.0,0.3531,0.0,B,0.5693,88,19.0,75.5,560.0
C071,3,0.0723,0.4255,0.0,0.5022,0.0,D,0.5022,88,19.0,75.5,560.0
C071,4,0.1223,0.3751,0.0,0.4455,0.0572,D,0.4455,88,19.0,75.5,560.0
C071,5,0.0,0.3983,0.0,0.5528,0.049,D,0.5528,88,19.0,75.5,560.0
C072,1,0.0,0.6974,0.0,0.0,0.3026,B,0.6974,88,19.0,76.0,507.0
C072,2,0.0,0.6374,0.0,0.1713,0.1914,B,0.6374,88,19.0,76.0,507.0
C072,3,0.0473,0.4107,0.2072,0.2711,0.0637,B,0.4107,88,19.0,76.0,507.0
C072,4,0.0051,0.4326,0.0,0.3544,0.2079,B,0.4326,88,19.0,76.0,507.0
C072,5,0.0,0.4123,0.0,0.5877,0.0,D,0.5877,88,19.0,76.0,507.0
C073,1,0.0,0.6375,0.0,0.0,0.3625,B,0.6375,88,19.0,76.5,405.0
C073,2,0.0,0.904,0.0,0.096,0.0,B,0.904,88,19.0,76.5,405.0
C073,3,0.0,0.5884,0.1695,0.0039,0.2381,B,0.5884,88,19.0,76.5,405.0
C073,4,0.0,0.5327,0.0782,0.04,0.3491,B,0.5327,88,19.0,76.5,405.0
C073,5,0.0,0.446,0.0,0.5423,0.0118,D,0.5423,88,19.0,76.5,405.0
C074,1,0.0139,0.5065,0.0,0.0,0.4797,B,0.5065,88,19.0,77.0,391.0
C074,2,0.0673,0.541,0.0,0.066,0.3257,B,0.541,88,19.0,77.0,391.0
C074,3,0.0,0.4922,0.1325,0.2141,0.1612,B,0.4922,88,19.0,77.0,391.0
C074,4,0.0,0.3749,0.0,0.2659,0.3591,B,0.3749,88,19.0,77.0,391.0
C074,5,0.0258,0.4059,0.0,0.5682,0.0,D,0.5682,88,19.0,77.0,391.0
C075,1,0.0,0.7747,0.0,0.0994,0.1259,B,0.7747,88,19.0,77.5,345.0
C075,2,0.0,0.6072,0.0044,0.2169,0.1714,B,0.6072,88,19.0,77.5,345.0
C075,3,0.0,0.2952,0.3111,0.2109,0.1828,C,0.3111,88,19.0,77.5,345.0
C075,4,0.0,0.1153,0.0,0.6951,0.1897,D,0.6951,88,19.0,77.5,345.0
C075,5,0.0,0.2598,0.0,0.7402,0.0,D,0.7402,88,19.0,77.5,345.0
C076,1,0.06,0.8512,0.0467,0.0421,0.0,B,0.8512,88,19.0,78.0,354.0
C076,2,0.0,0.5944,0.0,0.3491,0.0565,B,0.5944,88,19.0,78.0,354.0
C076,3,0.0,0.2707,0.0687,0.4523,0.2084,D,0.4523,88,19.0,78.0,354.0
C076,4,0.0,0.1294,0.0,0.6683,0.2023,D,0.6683,88,19.0,78.0,354.0
C076,5,0.0,0.4784,0.0,0.2987,0.2229,B,0.4784,88,19.0,78.0,354.0
C077,1,0.0373,0.5099,0.0,0.0,0.4528,B,0.5099,88,19.5,73.0,23.0
C077,2,0.0,0.4676,0.0,0.0,0.5324,E,0.5324,88,19.5,73.0,23.0
C077,3,0.0,0.2216,0.0,0.0,0.7784,E,0.7784,88,19.5,73.0,23.0
C077,4,0.0,0.2168,0.0,0.0,0.7832,E,0.7832,88,19.5,73.0,23.0
C077,5,0.0,0.2811,0.0,0.0,0.7189,E,0.7189,88,19.5,73.0,23.0
C078,1,0.0,0.5806,0.0,0.0,0.4194,B,0.5806,88,19.5,73.5,238.0
C078,2,0.0,0.3768,0.0,0.0,0.6232,E,0.6232,88,19.5,73.5,238.0
C078,3,0.0,0.0,0.0,0.2534,0.7466,E,0.7466,88,19.5,73.5,238.0
C078,4,0.0,0.3092,0.0,0.0,0.6908,E,0.6908,88,19.5,73.5,238.0
C078,5,0.0,0.2495,0.0968,0.0,0.6537,E,0.6537,88,19.5,73.5,238.0
C079,1,0.0,0.469,0.0,0.0,0.531,E,0.531,88,19.5,74.0,693.0
C079,2,0.0,0.1632,0.0,0.6921,0.1447,D,0.6921,88,19.5,74.0,693.0
C079,3,0.0,0.307,0.0,0.0,0.693,E,0.693,88,19.5,74.0,693.0
C079,4,0.0,0.1426,0.0,0.4338,0.4236,D,0.4338,88,19.5,74.0,693.0
C079,5,0.0,0.2683,0.0,0.0,0.7317,E,0.7317,88,19.5,74.0,693.0
C080,1,0.1006,0.8076,0.0,0.0918,0.0,B,0.8076,88,19.5,74.5,529.0
C080,2,0.0,0.438,0.0982,0.4638,0.0,D,0.4638,88,19.5,74.5,529.0
C080,3,0.0,0.3019,0.5265,0.0,0.1716,C,0.5265,88,19.5,74.5,529.0
C080,4,0.0,0.4109,0.0,0.2131,0.376,B,0.4109,88,19.5,74.5,529.0
C080,5,0.0,0.2586,0.0,0.0517,0.6897,E,0.6897,88,19.5,74.5,529.0
C081,1,0.0,1.0,0.0,0.0,0.0,B,1.0,88,19.5,75.0,521.0
C081,2,0.0309,0.4436,0.0,0.2862,0.2393,B,0.4436,88,19.5,75.0,521.0
C081,3,0.0,0.4017,0.2667,0.3057,0.0259,B,0.4017,88,19.5,75.0,521.0
C081,4,0.0,0.3696,0.0299,0.3232,0.2773,B,0.3696,88,19.5,75.0,521.0
C081,5,0.0,0.3118,0.0,0.351,0.3372,D,0.351,88,19.5,75.0,521.0
C082,1,0.2511,0.7433,0.0057,0.0,0.0,B,0.7433,88,19.5,75.5,461.0
C082,2,0.0,0.5785,0.0,0.2477,0.1738,B,0.5785,88,19.5,75.5,461.0
C082,3,0.0,0.3583,0.1788,0.2954,0.1675,B,0.3583,88,19.5,75.5,461.0
C082,4,0.0,0.334,0.1517,0.4112,0.1031,D,0.4112,88,19.5,75.5,461.0
C082,5,0.0,0.3538,0.0,0.4976,0.1486,D,0.4976,88,19.5,75.5,461.0
C083,1,0.0,0.5393,0.0844,0.0,0.3763,B,0.5393,88,19.5,76.0,454.0
C083,2,0.0,0.5966,0.2462,0.1034,0.0538,B,0.5966,88,19.5,76.0,454.0
C083,3,0.1108,0.4266,0.0586,0.4039,0.0,B,0.4266,88,19.5,76.0,454.0
C083,4,0.0,0.3047,0.4789,0.1408,0.0756,C,0.4789,88,19.5,76.0,454.0
C083,5,0.0,0.3096,0.0,0.6779,0.0125,D,0.6779,88,19.5,76.0,454.0
C084,1,0.2035,0.6469,0.0397,0.0752,0.0347,B,0.6469,88,19.5,76.5,411.0
C084,2,0.0,0.7849,0.1167,0.0985,0.0,B,0.7849,88,19.5,76.5,411.0
C084,3,0.038,0.2979,0.1097,0.3317,0.2226,D,0.3317,88,19.5,76.5,411.0
C084,4,0.0,0.2046,0.0,0.4793,0.3161,D,0.4793,88,19.5,76.5,411.0
C084,5,0.132,0.2945,0.0,0.4802,0.0934,D,0.4802,88,19.5,76.5,411.0
C085,1,0.2623,0.6902,0.0,0.0476,0.0,B,0.6902,88,19.5,77.0,419.0
C085,2,0.0,0.8906,0.0019,0.0968,0.0107,B,0.8906,88,19.5,77.0,419.0
C085,3,0.0,0.6356,0.2308,0.0611,0.0726,B,0.6356,88,19.5,77.0,419.0
C085,4,0.0,0.3941,0.0,0.5184,0.0875,D,0.5184,88,19.5,77.0,419.0
C085,5,0.351,0.2883,0.0,0.2129,0.1479,A,0.351,88,19.5,77.0,419.0
C086,1,0.0,0.7913,0.0,0.1984,0.0103,B,0.7913,88,19.5,77.5,405.0
C086,2,0.0,0.7394,0.0,0.0076,0.253,B,0.7394,88,19.5,77.5,405.0
C086,3,0.0,0.4843,0.3163,0.1433,0.0561,B,0.4843,88,19.5,77.5,405.0
C086,4,0.0,0.1173,0.0,0.4781,0.4046,D,0.4781,88,19.5,77.5,405.0
C086,5,0.0945,0.0707,0.0,0.3091,0.5257,E,0.5257,88,19.5,77.5,405.0
C087,1,0.0,0.8389,0.0923,0.0,0.0688,B,0.8389,88,19.5,78.0,404.0
C087,2,0.0099,0.5379,0.1486,0.0,0.3036,B,0.5379,88,19.5,78.0,404.0
C087,3,0.0,0.4374,0.3166,0.0,0.246,B,0.4374,88,19.5,78.0,404.0
C087,4,0.0,0.379,0.0459,0.1403,0.4348,E,0.4348,88,19.5,78.0,404.0
C087,5,0.104,0.1626,0.0,0.0688,0.6646,E,0.6646,88,19.5,78.0,404.0
C088,1,0.1593,0.3868,0.0,0.0,0.4539,E,0.4539,88,20.0,73.0,194.0
C088,2,0.0,0.6333,0.0,0.0,0.3667,B,0.6333,88,20.0,73.0,194.0
C088,3,0.0,0.0925,0.0,0.0068,0.9007,E,0.9007,88,20.0,73.0,194.0
C088,4,0.0,0.1785,0.0,0.0,0.8215,E,0.8215,88,20.0,73.0,194.0
C088,5,0.0,0.4165,0.0,0.0,0.5835,E,0.5835,88,20.0,73.0,194.0
C089,1,0.0,0.6104,0.0502,0.0,0.3394,B,0.6104,88,20.0,73.5,749.0
C089,2,0.0,0.4951,0.0,0.184,0.3209,B,0.4951,88,20.0,73.5,749.0
C089,3,0.0,0.0,0.0,0.2867,0.7133,E,0.7133,88,20.0,73.5,749.0
C089,4,0.0,0.0735,0.0,0.1111,0.8154,E,0.8154,88,20.0,73.5,749.0
C089,5,0.0,0.0842,0.0,0.0,0.9158,E,0.9158,88,20.0,73.5,749.0
C090,1,0.0,0.6615,0.2075,0.0,0.1311,B,0.6615,88,20.0,74.0,539.0
C090,2,0.0,0.4504,0.0,0.2747,0.2749,B,0.4504,88,20.0,74.0,539.0
C090,3,0.0,0.2921,0.0,0.1743,0.5336,E,0.5336,88,20.0,74.0,539.0
C090,4,0.0,0.3971,0.0,0.1264,0.4765,E,0.4765,88,20.0,74.0,539.0
C090,5,0.0,0.2463,0.0,0.0,0.7537,E,0.7537,88,20.0,74.0,539.0
C091,1,0.0,0.9126,0.0,0.0,0.0874,B,0.9126,88,20.0,74.5,538.0
C091,2,0.0,0.2504,0.0687,0.1752,0.5058,E,0.5058,88,20.0,74.5,538.0
C091,3,0.0,0.2733,0.1455,0.1202,0.4611,E,0.4611,88,20.0,74.5,538.0
C091,4,0.0,0.1675,0.0077,0.3848,0.4401,E,0.4401,88,20.0,74.5,538.0
C091,5,0.0,0.2276,0.0,0.0,0.7724,E,0.7724,88,20.0,74.5,538.0
C092,1,0.1605,0.7321,0.0,0.0,0.1074,B,0.7321,88,20.0,75.0,517.0
C092,2,0.0826,0.316,0.0826,0.2447,0.2741,B,0.316,88,20.0,75.0,517.0
C092,3,0.0,0.7798,0.1478,0.0723,0.0,B,0.7798,88,20.0,75.0,517.0
C092,4,0.0,0.4236,0.0405,0.5359,0.0,D,0.5359,88,20.0,75.0,517.0
C092,5,0.0,0.5113,0.0,0.1205,0.3681,B,0.5113,88,20.0,75.0,517.0
C093,1,0.1161,0.6635,0.0,0.1095,0.1109,B,0.6635,88,20.0,75.5,679.0
C093,2,0.0456,0.5142,0.0,0.4067,0.0334,B,0.5142,88,20.0,75.5,679.0
C093,3,0.0,0.5674,0.0,0.4326,0.0,B,0.5674,88,20.0,75.5,679.0
C093,4,0.0,0.3896,0.1261,0.4662,0.0181,D,0.4662,88,20.0,75.5,679.0
C093,5,0.0,0.2803,0.0,0.3481,0.3716,E,0.3716,88,20.0,75.5,679.0
C094,1,0.0,0.657,0.0721,0.0,0.2709,B,0.657,88,20.0,76.0,573.0
C094,2,0.0,0.8732,0.1061,0.0,0.0207,B,0.8732,88,20.0,76.0,573.0
C094,3,0.0,0.8085,0.044,0.0299,0.1176,B,0.8085,88,20.0,76.0,573.0
C094,4,0.0,0.5787,0.1758,0.1268,0.1187,B,0.5787,88,20.0,76.0,573.0
C094,5,0.0,0.6356,0.0,0.2861,0.0782,B,0.6356,88,20.0,76.0,573.0
C095,1,0.2539,0.4862,0.26,0.0,0.0,B,0.4862,88,20.0,76.5,570.0
C095,2,0.0,0.6264,0.285,0.0,0.0886,B,0.6264,88,20.0,76.5,570.0
C095,3,0.0,0.3234,0.4288,0.1937,0.0541,C,0.4288,88,20.0,76.5,570.0
C095,4,0.0506,0.3764,0.3541,0.0761,0.1428,B,0.3764,88,20.0,76.5,570.0
C095,5,0.1135,0.5164,0.0,0.3019,0.0682,B,0.5164,88,20.0,76.5,570.0
C096,1,0.0,0.6566,0.2541,0.0,0.0893,B,0.6566,88,20.0,77.0,491.0
C096,2,0.0253,0.7741,0.1848,0.0059,0.0099,B,0.7741,88,20.0,77.0,491.0
C096,3,0.0676,0.4701,0.4085,0.0,0.0537,B,0.4701,88,20.0,77.0,491.0
C096,4,0.0,0.5786,0.3626,0.0587,0.0002,B,0.5786,88,20.0,77.0,491.0
C096,5,0.1393,0.2938,0.0,0.4454,0.1214,D,0.4454,88,20.0,77.0,491.0
C097,1,0.0376,0.5749,0.1552,0.0,0.2323,B,0.5749,88,20.0,77.5,370.0
C097,2,0.0857,0.7273,0.0,0.0124,0.1746,B,0.7273,88,20.0,77.5,370.0
C097,3,0.1298,0.6478,0.2155,0.0,0.0068,B,0.6478,88,20.0,77.5,370.0
C097,4,0.0213,0.864,0.0,0.0947,0.02,B,0.864,88,20.0,77.5,370.0
C097,5,0.1051,0.5454,0.0,0.3001,0.0494,B,0.5454,88,20.0,77.5,370.0
C098,1,0.0,0.6058,0.0518,0.1283,0.214,B,0.6058,88,20.0,78.0,323.0
C098,2,0.0,0.8401,0.1415,0.0,0.0184,B,0.8401,88,20.0,78.0,323.0
C098,3,0.0511,0.7158,0.2189,0.0,0.0141,B,0.7158,88,20.0,78.0,323.0
C098,4,0.078,0.6088,0.074,0.0,0.2393,B,0.6088,88,20.0,78.0,323.0
C098,5,0.0824,0.3539,0.0,0.1721,0.3916,E,0.3916,88,20.0,78.0,323.0
C099,1,0.0,0.7616,0.0,0.0,0.2384,B,0.7616,88,20.5,73.0,35.0
C099,2,0.0,0.6336,0.0,0.0,0.3664,B,0.6336,88,20.5,73.0,35.0
C099,3,0.028,0.4179,0.2137,0.0,0.3404,B,0.4179,88,20.5,73.0,35.0
C099,4,0.0,0.4396,0.0,0.5604,0.0,D,0.5604,88,20.5,73.0,35.0
C099,5,0.0,0.1974,0.0,0.0,0.8026,E,0.8026,88,20.5,73.0,35.0
C100,1,0.0,0.9003,0.0,0.0,0.0997,B,0.9003,88,20.5,73.5,282.0
C100,2,0.0,0.6365,0.0,0.0,0.3635,B,0.6365,88,20.5,73.5,282.0
C100,3,0.0,0.3929,0.0,0.1325,0.4746,E,0.4746,88,20.5,73.5,282.0
C100,4,0.0,0.5367,0.0,0.4633,0.0,B,0.5367,88,20.5,73.5,282.0
C100,5,0.0,0.2584,0.0,0.0,0.7416,E,0.7416,88,20.5,73.5,282.0
C101,1,0.0,0.9665,0.0,0.0335,0.0,B,0.9665,88,20.5,74.0,615.0
C101,2,0.0,0.3822,0.0759,0.0973,0.4446,E,0.4446,88,20.5,74.0,615.0
C101,3,0.0,1.0,0.0,0.0,0.0,B,1.0,88,20.5,74.0,615.0
C101,4,0.0,0.6026,0.0,0.3974,0.0,B,0.6026,88,20.5,74.0,615.0
C101,5,0.0,0.4735,0.0,0.0,0.5265,E,0.5265,88,20.5,74.0,615.0
C102,1,0.5751,0.166,0.259,0.0,0.0,A,0.5751,88,20.5,74.5,443.0
C102,2,0.0,0.2315,0.2155,0.5335,0.0195,D,0.5335,88,20.5,74.5,443.0
C102,3,0.0,0.5269,0.0,0.4731,0.0,B,0.5269,88,20.5,74.5,443.0
C102,4,0.0,0.0718,0.0,0.9282,0.0,D,0.9282,88,20.5,74.5,443.0
C102,5,0.0,0.6186,0.1077,0.2589,0.0147,B,0.6186,88,20.5,74.5,443.0
C103,1,0.8345,0.1655,0.0,0.0,0.0,A,0.8345,88,20.5,75.0,335.0
C103,2,0.1048,0.3684,0.0811,0.0,0.4457,E,0.4457,88,20.5,75.0,335.0
C103,3,0.0,1.0,0.0,0.0,0.0,B,1.0,88,20.5,75.0,335.0
C103,4,0.0,0.6852,0.0,0.3148,0.0,B,0.6852,88,20.5,75.0,335.0
C103,5,0.0,0.8304,0.1696,0.0,0.0,B,0.8304,88,20.5,75.0,335.0
C104,1,0.0,0.347,0.046,0.0,0.607,E,0.607,88,20.5,75.5,428.0
C104,2,0.0607,0.2946,0.5326,0.0,0.1122,C,0.5326,88,20.5,75.5,428.0
C104,3,0.0,0.4293,0.4507,0.12,0.0,C,0.4507,88,20.5,75.5,428.0
C104,4,0.0,0.3509,0.5626,0.0865,0.0,C,0.5626,88,20.5,75.5,428.0
C104,5,0.0,0.6056,0.0,0.3944,0.0,B,0.6056,88,20.5,75.5,428.0
C105,1,0.3067,0.3531,0.0,0.0,0.3402,B,0.3531,88,20.5,76.0,676.0
C105,2,0.0,0.811,0.0461,0.0,0.1429,B,0.811,88,20.5,76.0,676.0
C105,3,0.0324,0.8684,0.0,0.0,0.0992,B,0.8684,88,20.5,76.0,676.0
C105,4,0.0,0.5967,0.2491,0.1541,0.0,B,0.5967,88,20.5,76.0,676.0
C105,5,0.0,0.5851,0.3846,0.0257,0.0046,B,0.5851,88,20.5,76.0,676.0
C106,1,0.258,0.4731,0.0,0.0,0.2689,B,0.4731,88,20.5,76.5,489.0
C106,2,0.0,0.7775,0.0,0.0,0.2225,B,0.7775,88,20.5,76.5,489.0
C106,3,0.1772,0.5645,0.0,0.0,0.2583,B,0.5645,88,20.5,76.5,489.0
C106,4,0.1626,0.6962,0.0,0.0266,0.1146,B,0.6962,88,20.5,76.5,489.0
C106,5,0.1571,0.7027,0.0,0.0,0.1401,B,0.7027,88,20.5,76.5,489.0
C107,1,0.0824,0.6217,0.1221,0.0533,0.1205,B,0.6217,88,20.5,77.0,319.0
C107,2,0.0,0.6453,0.0464,0.1481,0.1602,B,0.6453,88,20.5,77.0,319.0
C107,3,0.2151,0.6999,0.0343,0.0,0.0507,B,0.6999,88,20.5,77.0,319.0
C107,4,0.1065,0.729,0.0401,0.0419,0.0826,B,0.729,88,20.5,77.0,319.0
C107,5,0.0335,0.501,0.0314,0.095,0.339,B,0.501,88,20.5,77.0,319.0
C108,1,0.0,0.8748,0.1176,0.0076,0.0,B,0.8748,88,20.5,77.5,391.0
C108,2,0.0,0.8027,0.0231,0.1742,0.0,B,0.8027,88,20.5,77.5,391.0
C108,3,0.3623,0.5052,0.1046,0.0,0.0279,B,0.5052,88,20.5,77.5,391.0
C108,4,0.0,0.6061,0.3541,0.0,0.0398,B,0.6061,88,20.5,77.5,391.0
C108,5,0.0108,0.8695,0.0636,0.0419,0.0142,B,0.8695,88,20.5,77.5,391.0
C109,1,0.4356,0.2647,0.2997,0.0,0.0,A,0.4356,88,20.5,78.0,361.0
C109,2,0.1998,0.8002,0.0,0.0,0.0,B,0.8002,88,20.5,78.0,361.0
C109,3,0.1384,0.4754,0.0611,0.0,0.3252,B,0.4754,88,20.5,78.0,361.0
C109,4,0.115,0.8551,0.0299,0.0,0.0,B,0.8551,88,20.5,78.0,361.0
C109,5,0.0109,0.6277,0.0126,0.1238,0.225,B,0.6277,88,20.5,78.0,361.0
C110,1,0.0,1.0,0.0,0.0,0.0,B,1.0,88,21.0,73.0,15.0
C110,2,0.4656,0.0,0.5344,0.0,0.0,C,0.5344,88,21.0,73.0,15.0
C110,3,0.0,0.3318,0.6682,0.0,0.0,C,0.6682,88,21.0,73.0,15.0
C110,4,0.4726,0.1201,0.0,0.4073,0.0,A,0.4726,88,21.0,73.0,15.0
C110,5,0.0,0.1838,0.706,0.0,0.1102,C,0.706,88,21.0,73.0,15.0
C111,1,0.1286,0.5593,0.0966,0.2155,0.0,B,0.5593,88,21.0,73.5,131.0
C111,2,0.0,0.6201,0.3492,0.0,0.0306,B,0.6201,88,21.0,73.5,131.0
C111,3,0.0,1.0,0.0,0.0,0.0,B,1.0,88,21.0,73.5,131.0
C111,4,0.0287,0.2924,0.0,0.6789,0.0,D,0.6789,88,21.0,73.5,131.0
C111,5,0.0,0.0,0.0,1.0,0.0,D,1.0,88,21.0,73.5,131.0
C112,1,0.0,0.2621,0.4447,0.1014,0.1918,C,0.4447,88,21.0,74.0,632.0
C112,2,0.0,0.268,0.357,0.0,0.3749,E,0.3749,88,21.0,74.0,632.0
C112,3,0.0,0.9769,0.0231,0.0,0.0,B,0.9769,88,21.0,74.0,632.0
C112,4,0.0,0.3376,0.0651,0.5973,0.0,D,0.5973,88,21.0,74.0,632.0
C112,5,0.0,0.0,0.4813,0.5187,0.0,D,0.5187,88,21.0,74.0,632.0
C113,1,0.0,0.6619,0.0,0.1779,0.1602,B,0.6619,88,21.0,74.5,374.0
C113,2,0.0,1.0,0.0,0.0,0.0,B,1.0,88,21.0,74.5,374.0
C113,3,0.054,0.6322,0.0,0.0,0.3138,B,0.6322,88,21.0,74.5,374.0
C113,4,0.0,0.6774,0.0,0.3226,0.0,B,0.6774,88,21.0,74.5,374.0
C113,5,0.0,0.4997,0.5002,0.0001,0.0,C,0.5002,88,21.0,74.5,374.0
C114,1,0.0,0.6378,0.0,0.0324,0.3298,B,0.6378,88,21.0,75.0,224.0
C114,2,0.0,0.9889,0.0,0.0,0.0111,B,0.9889,88,21.0,75.0,224.0
C114,3,0.2481,0.6094,0.0,0.0,0.1424,B,0.6094,88,21.0,75.0,224.0
C114,4,0.0661,0.8902,0.0,0.0437,0.0,B,0.8902,88,21.0,75.0,224.0
C114,5,0.0,0.613,0.3418,0.0452,0.0,B,0.613,88,21.0,75.0,224.0
C115,1,0.3028,0.2934,0.0,0.034,0.3699,E,0.3699,88,21.0,75.5,199.0
C115,2,0.0,0.7157,0.2605,0.0,0.0238,B,0.7157,88,21.0,75.5,199.0
C115,3,0.2056,0.3186,0.2273,0.0,0.2486,B,0.3186,88,21.0,75.5,199.0
C115,4,0.0122,0.4508,0.5084,0.0286,0.0,C,0.5084,88,21.0,75.5,199.0
C115,5,0.0,0.9513,0.0083,0.0404,0.0,B,0.9513,88,21.0,75.5,199.0
C116,1,0.4304,0.5137,0.0,0.0316,0.0243,B,0.5137,88,21.0,76.0,293.0
C116,2,0.0243,0.7336,0.0,0.0,0.2421,B,0.7336,88,21.0,76.0,293.0
C116,3,0.0604,0.6816,0.0,0.0672,0.1907,B,0.6816,88,21.0,76.0,293.0
C116,4,0.0357,0.5947,0.2977,0.0719,0.0,B,0.5947,88,21.0,76.0,293.0
C116,5,0.0902,0.8401,0.0479,0.0141,0.0077,B,0.8401,88,21.0,76.0,293.0
C117,1,0.0056,0.8199,0.096,0.0,0.0784,B,0.8199,88,21.0,76.5,268.0
C117,2,0.1948,0.7283,0.0,0.0,0.077,B,0.7283,88,21.0,76.5,268.0
C117,3,0.1107,0.7598,0.0075,0.0,0.122,B,0.7598,88,21.0,76.5,268.0
C117,4,0.0,0.7049,0.2791,0.016,0.0,B,0.7049,88,21.0,76.5,268.0
C117,5,0.1228,0.6645,0.1879,0.0,0.0248,B,0.6645,88,21.0,76.5,268.0
C118,1,0.1251,0.6893,0.0962,0.0,0.0894,B,0.6893,88,21.0,77.0,272.0
C118,2,0.0126,0.899,0.0,0.0,0.0884,B,0.899,88,21.0,77.0,272.0
C118,3,0.0,0.508,0.0,0.0,0.492,B,0.508,88,21.0,77.0,272.0
C118,4,0.0,0.4631,0.3615,0.0102,0.1651,B,0.4631,88,21.0,77.0,272.0
C118,5,0.0203,0.5429,0.3672,0.0182,0.0514,B,0.5429,88,21.0,77.0,272.0
C119,1,0.0,0.5276,0.0899,0.0,0.3825,B,0.5276,88,21.0,77.5,308.0
C119,2,0.0,0.9554,0.0243,0.0203,0.0,B,0.9554,88,21.0,77.5,308.0
C119,3,0.1222,0.8344,0.0434,0.0,0.0,B,0.8344,88,21.0,77.5,308.0
C119,4,0.0,0.9933,0.0,0.0067,0.0,B,0.9933,88,21.0,77.5,308.0
C119,5,0.1029,0.8342,0.0303,0.0,0.0327,B,0.8342,88,21.0,77.5,308.0
C120,1,0.2332,0.5576,0.0,0.0,0.2092,B,0.5576,88,21.0,78.0,338.0
C120,2,0.1408,0.839,0.0,0.0,0.0202,B,0.839,88,21.0,78.0,338.0
C120,3,0.1477,0.4281,0.2099,0.0,0.2143,B,0.4281,88,21.0,78.0,338.0
C120,4,0.0,0.6986,0.1584,0.0683,0.0747,B,0.6986,88,21.0,78.0,338.0
C120,5,0.1117,0.6156,0.1837,0.0,0.089,B,0.6156,88,21.0,78.0,338.0
