cell_id,lead_time,w_a,w_b,w_c,w_d,w_e,dominant_model,dominant_weight,n_samples,lat,lon,elevation_m
C000,1,0.3557,0.3468,0.1448,0.1373,0.0154,A,0.3557,112,8.5,77.5,456.0
C000,2,0.1823,0.3514,0.1954,0.1895,0.0815,B,0.3514,100,8.5,77.5,456.0
C000,3,0.2474,0.3385,0.1484,0.2117,0.054,B,0.3385,111,8.5,77.5,456.0
C000,4,0.3501,0.3808,0.1714,0.0775,0.0203,B,0.3808,112,8.5,77.5,456.0
C000,5,0.303,0.3775,0.1403,0.0254,0.1538,B,0.3775,105,8.5,77.5,456.0
C001,1,0.6661,0.2499,0.0839,0.0,0.0,A,0.6661,112,9.5,76.5,0.0
C001,2,0.6203,0.2648,0.1149,0.0,0.0,A,0.6203,100,9.5,76.5,0.0
C001,3,0.3387,0.3541,0.3072,0.0,0.0,B,0.3541,111,9.5,76.5,0.0
C001,4,0.4935,0.3844,0.1063,0.0,0.0158,A,0.4935,112,9.5,76.5,0.0
C001,5,0.4844,0.3788,0.0751,0.0,0.0617,A,0.4844,105,9.5,76.5,0.0
C002,1,0.0348,0.444,0.0339,0.4873,0.0,D,0.4873,112,9.5,77.5,189.0
C002,2,0.0439,0.3274,0.1601,0.4687,0.0,D,0.4687,100,9.5,77.5,189.0
C002,3,0.0328,0.3935,0.0733,0.4898,0.0105,D,0.4898,111,9.5,77.5,189.0
C002,4,0.0,0.4822,0.1199,0.3979,0.0,B,0.4822,112,9.5,77.5,189.0
C002,5,0.0,0.5357,0.1251,0.3392,0.0,B,0.5357,105,9.5,77.5,189.0
C003,1,0.4558,0.479,0.0089,0.0562,0.0,B,0.479,112,9.5,78.5,44.0
C003,2,0.3191,0.5399,0.0855,0.0,0.0555,B,0.5399,100,9.5,78.5,44.0
C003,3,0.2727,0.6276,0.0066,0.0451,0.048,B,0.6276,111,9.5,78.5,44.0
C003,4,0.2275,0.5736,0.0287,0.152,0.0181,B,0.5736,112,9.5,78.5,44.0
C003,5,0.2145,0.5828,0.0024,0.1904,0.0099,B,0.5828,105,9.5,78.5,44.0
C004,1,0.6774,0.1477,0.1037,0.0,0.0712,A,0.6774,112,10.5,76.5,291.0
C004,2,0.5924,0.0551,0.1022,0.168,0.0823,A,0.5924,100,10.5,76.5,291.0
C004,3,0.4363,0.1244,0.183,0.1456,0.1108,A,0.4363,111,10.5,76.5,291.0
C004,4,0.5252,0.0997,0.0428,0.1605,0.1717,A,0.5252,112,10.5,76.5,291.0
C004,5,0.5165,0.1721,0.0624,0.0,0.2489,A,0.5165,105,10.5,76.5,291.0
C005,1,1.0,0.0,0.0,0.0,0.0,A,1.0,112,10.5,77.5,294.0
C005,2,1.0,0.0,0.0,0.0,0.0,A,1.0,100,10.5,77.5,294.0
C005,3,0.7113,0.0,0.0,0.2887,0.0,A,0.7113,111,10.5,77.5,294.0
C005,4,0.666,0.0,0.0,0.334,0.0,A,0.666,112,10.5,77.5,294.0
C005,5,0.3234,0.0,0.0,0.6766,0.0,D,0.6766,105,10.5,77.5,294.0
C006,1,0.3311,0.4023,0.0114,0.1293,0.1259,B,0.4023,112,10.5,78.5,163.0
C006,2,0.3085,0.4691,0.0,0.0294,0.1931,B,0.4691,100,10.5,78.5,163.0
C006,3,0.0679,0.4733,0.0227,0.1331,0.303,B,0.4733,111,10.5,78.5,163.0
C006,4,0.0882,0.5137,0.0533,0.0615,0.2834,B,0.5137,112,10.5,78.5,163.0
C006,5,0.0925,0.6051,0.0275,0.0,0.2749,B,0.6051,105,10.5,78.5,163.0
C007,1,0.264,0.4204,0.0,0.2667,0.0489,B,0.4204,112,10.5,79.5,6.0
C007,2,0.1911,0.5134,0.0,0.2837,0.0117,B,0.5134,100,10.5,79.5,6.0
C007,3,0.1897,0.5552,0.0,0.195,0.0601,B,0.5552,111,10.5,79.5,6.0
C007,4,0.2163,0.6354,0.018,0.0985,0.0318,B,0.6354,112,10.5,79.5,6.0
C007,5,0.0865,0.5739,0.0,0.3396,0.0,B,0.5739,105,10.5,79.5,6.0
C008,1,0.4119,0.0,0.5881,0.0,0.0,C,0.5881,112,11.5,76.5,958.0
C008,2,0.2671,0.0,0.7329,0.0,0.0,C,0.7329,100,11.5,76.5,958.0
C008,3,0.4394,0.0,0.5606,0.0,0.0,C,0.5606,111,11.5,76.5,958.0
C008,4,0.5235,0.0,0.4765,0.0,0.0,A,0.5235,112,11.5,76.5,958.0
C008,5,0.5042,0.0,0.4958,0.0,0.0,A,0.5042,105,11.5,76.5,958.0
C009,1,0.6411,0.0,0.3589,0.0,0.0,A,0.6411,112,11.5,77.5,200.0
C009,2,0.7329,0.0,0.2126,0.0545,0.0,A,0.7329,100,11.5,77.5,200.0
C009,3,0.2935,0.0,0.3355,0.371,0.0,D,0.371,111,11.5,77.5,200.0
C009,4,0.2735,0.0,0.3977,0.3288,0.0,C,0.3977,112,11.5,77.5,200.0
C009,5,0.2265,0.0,0.3543,0.4192,0.0,D,0.4192,105,11.5,77.5,200.0
C010,1,0.0,0.2839,0.0,0.7161,0.0,D,0.7161,112,11.5,78.5,352.0
C010,2,0.0,0.2393,0.0,0.7607,0.0,D,0.7607,100,11.5,78.5,352.0
C010,3,0.0,0.3624,0.0397,0.5979,0.0,D,0.5979,111,11.5,78.5,352.0
C010,4,0.0,0.3811,0.0998,0.5191,0.0,D,0.5191,112,11.5,78.5,352.0
C010,5,0.0,0.491,0.0,0.509,0.0,D,0.509,105,11.5,78.5,352.0
C011,1,0.5744,0.236,0.0758,0.1137,0.0,A,0.5744,112,11.5,79.5,16.0
C011,2,0.6053,0.3116,0.0,0.0831,0.0,A,0.6053,100,11.5,79.5,16.0
C011,3,0.4785,0.3544,0.0,0.0961,0.071,A,0.4785,111,11.5,79.5,16.0
C011,4,0.5075,0.4389,0.0,0.0113,0.0423,A,0.5075,112,11.5,79.5,16.0
C011,5,0.5397,0.4344,0.0,0.0,0.0259,A,0.5397,105,11.5,79.5,16.0
C012,1,0.4728,0.3531,0.0,0.1697,0.0045,A,0.4728,112,12.5,75.5,157.0
C012,2,0.3504,0.4777,0.0262,0.0941,0.0515,B,0.4777,100,12.5,75.5,157.0
C012,3,0.3146,0.3998,0.0954,0.1902,0.0,B,0.3998,111,12.5,75.5,157.0
C012,4,0.318,0.3887,0.1259,0.1674,0.0,B,0.3887,112,12.5,75.5,157.0
C012,5,0.327,0.5551,0.0,0.0895,0.0284,B,0.5551,105,12.5,75.5,157.0
C013,1,0.6514,0.2544,0.0163,0.0111,0.0668,A,0.6514,112,12.5,76.5,781.0
C013,2,0.4954,0.2662,0.0368,0.1156,0.0861,A,0.4954,100,12.5,76.5,781.0
C013,3,0.4144,0.3355,0.1315,0.0647,0.0538,A,0.4144,111,12.5,76.5,781.0
C013,4,0.339,0.354,0.2172,0.0,0.0898,B,0.354,112,12.5,76.5,781.0
C013,5,0.4217,0.354,0.0611,0.0308,0.1325,A,0.4217,105,12.5,76.5,781.0
C014,1,0.3194,0.5264,0.0833,0.0709,0.0,B,0.5264,112,12.5,77.5,759.0
C014,2,0.2284,0.501,0.0,0.2706,0.0,B,0.501,100,12.5,77.5,759.0
C014,3,0.1644,0.4578,0.0719,0.3059,0.0,B,0.4578,111,12.5,77.5,759.0
C014,4,0.1751,0.4704,0.0712,0.2591,0.0242,B,0.4704,112,12.5,77.5,759.0
C014,5,0.2157,0.5691,0.0,0.188,0.0272,B,0.5691,105,12.5,77.5,759.0
C015,1,0.388,0.2061,0.008,0.2347,0.1633,A,0.388,112,12.5,78.5,420.0
C015,2,0.2922,0.1739,0.0,0.253,0.2809,A,0.2922,100,12.5,78.5,420.0
C015,3,0.0556,0.1864,0.0,0.2982,0.4598,E,0.4598,111,12.5,78.5,420.0
C015,4,0.2918,0.3364,0.0,0.0865,0.2853,B,0.3364,112,12.5,78.5,420.0
C015,5,0.2699,0.4406,0.0,0.0,0.2895,B,0.4406,105,12.5,78.5,420.0
C016,1,0.4865,0.1677,0.0148,0.326,0.0049,A,0.4865,112,12.5,79.5,104.0
C016,2,0.5953,0.2341,0.0,0.1324,0.0382,A,0.5953,100,12.5,79.5,104.0
C016,3,0.3578,0.2906,0.0,0.1757,0.1759,A,0.3578,111,12.5,79.5,104.0
C016,4,0.4213,0.3529,0.0,0.1271,0.0987,A,0.4213,112,12.5,79.5,104.0
C016,5,0.4227,0.48,0.0,0.0,0.0973,B,0.48,105,12.5,79.5,104.0
C017,1,0.2035,0.7123,0.0189,0.0653,0.0,B,0.7123,112,13.5,75.5,816.0
C017,2,0.1729,0.7722,0.0549,0.0,0.0,B,0.7722,100,13.5,75.5,816.0
C017,3,0.0718,0.818,0.09,0.0,0.0201,B,0.818,111,13.5,75.5,816.0
C017,4,0.0939,0.7335,0.0918,0.0594,0.0214,B,0.7335,112,13.5,75.5,816.0
C017,5,0.1181,0.7369,0.088,0.057,0.0,B,0.7369,105,13.5,75.5,816.0
C018,1,0.4336,0.2897,0.0554,0.1478,0.0735,A,0.4336,112,13.5,76.5,738.0
C018,2,0.283,0.3293,0.1154,0.0952,0.1772,B,0.3293,100,13.5,76.5,738.0
C018,3,0.2277,0.3878,0.0739,0.1039,0.2067,B,0.3878,111,13.5,76.5,738.0
C018,4,0.1543,0.3633,0.0913,0.0851,0.3059,B,0.3633,112,13.5,76.5,738.0
C018,5,0.2874,0.3797,0.0221,0.0897,0.2211,B,0.3797,105,13.5,76.5,738.0
C019,1,0.4987,0.3099,0.0,0.0505,0.141,A,0.4987,112,13.5,77.5,752.0
C019,2,0.5022,0.1983,0.0,0.0625,0.237,A,0.5022,100,13.5,77.5,752.0
C019,3,0.43,0.1913,0.0733,0.0713,0.2342,A,0.43,111,13.5,77.5,752.0
C019,4,0.5185,0.2633,0.0,0.029,0.1893,A,0.5185,112,13.5,77.5,752.0
C019,5,0.4462,0.4094,0.0,0.0256,0.1187,A,0.4462,105,13.5,77.5,752.0
C020,1,0.7338,0.0,0.0,0.1669,0.0992,A,0.7338,112,13.5,78.5,771.0
C020,2,0.8596,0.0,0.0,0.139,0.0014,A,0.8596,100,13.5,78.5,771.0
C020,3,0.7284,0.0,0.0,0.2592,0.0124,A,0.7284,111,13.5,78.5,771.0
C020,4,0.8367,0.0,0.0,0.0605,0.1028,A,0.8367,112,13.5,78.5,771.0
C020,5,0.7742,0.0,0.0,0.0979,0.1279,A,0.7742,105,13.5,78.5,771.0
C021,1,0.5956,0.0,0.0,0.2542,0.1503,A,0.5956,112,13.5,79.5,190.0
C021,2,0.6496,0.0176,0.0,0.1725,0.1603,A,0.6496,100,13.5,79.5,190.0
C021,3,0.5145,0.1369,0.0,0.1403,0.2082,A,0.5145,111,13.5,79.5,190.0
C021,4,0.573,0.2689,0.0,0.0,0.1581,A,0.573,112,13.5,79.5,190.0
C021,5,0.5027,0.3244,0.0,0.0,0.1729,A,0.5027,105,13.5,79.5,190.0
C022,1,0.8917,0.0743,0.0107,0.0233,0.0,A,0.8917,112,14.5,74.5,55.0
C022,2,0.8774,0.1226,0.0,0.0,0.0,A,0.8774,100,14.5,74.5,55.0
C022,3,0.7515,0.1305,0.109,0.0,0.009,A,0.7515,111,14.5,74.5,55.0
C022,4,0.7828,0.168,0.0,0.0,0.0492,A,0.7828,112,14.5,74.5,55.0
C022,5,0.7936,0.146,0.0,0.0273,0.0331,A,0.7936,105,14.5,74.5,55.0
C023,1,0.4785,0.0094,0.3413,0.1708,0.0,A,0.4785,112,14.5,75.5,595.0
C023,2,0.447,0.0625,0.4371,0.0534,0.0,A,0.447,100,14.5,75.5,595.0
C023,3,0.3986,0.1368,0.3766,0.0002,0.0877,A,0.3986,111,14.5,75.5,595.0
C023,4,0.3048,0.1161,0.4493,0.0644,0.0654,C,0.4493,112,14.5,75.5,595.0
C023,5,0.4406,0.1027,0.3789,0.0778,0.0,A,0.4406,105,14.5,75.5,595.0
C024,1,0.4299,0.0821,0.2345,0.1998,0.0537,A,0.4299,112,14.5,76.5,611.0
C024,2,0.1926,0.128,0.3829,0.2288,0.0676,C,0.3829,100,14.5,76.5,611.0
C024,3,0.0728,0.2138,0.3396,0.2342,0.1396,C,0.3396,111,14.5,76.5,611.0
C024,4,0.1579,0.1673,0.298,0.2299,0.1469,C,0.298,112,14.5,76.5,611.0
C024,5,0.269,0.1376,0.2512,0.2609,0.0813,A,0.269,105,14.5,76.5,611.0
C025,1,0.344,0.1917,0.2015,0.129,0.1338,A,0.344,112,14.5,77.5,418.0
C025,2,0.1783,0.2305,0.3016,0.1076,0.182,C,0.3016,100,14.5,77.5,418.0
C025,3,0.2079,0.2664,0.2258,0.2094,0.0905,B,0.2664,111,14.5,77.5,418.0
C025,4,0.0982,0.2359,0.1656,0.2848,0.2154,D,0.2848,112,14.5,77.5,418.0
C025,5,0.4091,0.2627,0.0951,0.1727,0.0604,A,0.4091,105,14.5,77.5,418.0
C026,1,0.2058,0.2674,0.0654,0.2399,0.2215,B,0.2674,112,14.5,78.5,220.0
C026,2,0.3535,0.2542,0.1384,0.1756,0.0783,A,0.3535,100,14.5,78.5,220.0
C026,3,0.2465,0.2104,0.2794,0.2637,0.0,C,0.2794,111,14.5,78.5,220.0
C026,4,0.3381,0.2731,0.0628,0.2654,0.0606,A,0.3381,112,14.5,78.5,220.0
C026,5,0.4709,0.3738,0.0,0.1553,0.0,A,0.4709,105,14.5,78.5,220.0
C027,1,0.3263,0.3504,0.0,0.1494,0.1739,B,0.3504,112,14.5,79.5,64.0
C027,2,0.1787,0.2904,0.0,0.3713,0.1597,D,0.3713,100,14.5,79.5,64.0
C027,3,0.3374,0.2281,0.1626,0.1454,0.1266,A,0.3374,111,14.5,79.5,64.0
C027,4,0.3403,0.3871,0.0,0.14,0.1326,B,0.3871,112,14.5,79.5,64.0
C027,5,0.385,0.334,0.0,0.225,0.0559,A,0.385,105,14.5,79.5,64.0
C028,1,0.6046,0.1999,0.0899,0.0875,0.018,A,0.6046,112,15.5,74.5,712.0
C028,2,0.5551,0.2174,0.1527,0.042,0.0328,A,0.5551,100,15.5,74.5,712.0
C028,3,0.3714,0.2554,0.2907,0.0,0.0825,A,0.3714,111,15.5,74.5,712.0
C028,4,0.4938,0.2605,0.1678,0.0,0.0778,A,0.4938,112,15.5,74.5,712.0
C028,5,0.5055,0.2446,0.1311,0.0719,0.0468,A,0.5055,105,15.5,74.5,712.0
C029,1,0.4104,0.2642,0.0571,0.1077,0.1606,A,0.4104,112,15.5,75.5,604.0
C029,2,0.2956,0.3663,0.0836,0.0,0.2545,B,0.3663,100,15.5,75.5,604.0
C029,3,0.192,0.4178,0.0914,0.0535,0.2454,B,0.4178,111,15.5,75.5,604.0
C029,4,0.3263,0.3656,0.0769,0.1036,0.1275,B,0.3656,112,15.5,75.5,604.0
C029,5,0.3703,0.3844,0.0129,0.03,0.2024,B,0.3844,105,15.5,75.5,604.0
C030,1,0.3692,0.1738,0.1485,0.0723,0.2363,A,0.3692,112,15.5,76.5,429.0
C030,2,0.2865,0.2487,0.2031,0.0,0.2617,A,0.2865,100,15.5,76.5,429.0
C030,3,0.202,0.2498,0.1793,0.0647,0.3042,E,0.3042,111,15.5,76.5,429.0
C030,4,0.3224,0.2379,0.1276,0.1164,0.1957,A,0.3224,112,15.5,76.5,429.0
C030,5,0.4293,0.254,0.0431,0.0621,0.2116,A,0.4293,105,15.5,76.5,429.0
C031,1,0.3686,0.0326,0.1505,0.3492,0.099,A,0.3686,112,15.5,77.5,416.0
C031,2,0.2555,0.0594,0.1863,0.3386,0.1603,D,0.3386,100,15.5,77.5,416.0
C031,3,0.2401,0.0621,0.1734,0.4461,0.0782,D,0.4461,111,15.5,77.5,416.0
C031,4,0.3143,0.1357,0.0639,0.4773,0.0087,D,0.4773,112,15.5,77.5,416.0
C031,5,0.3186,0.1556,0.0,0.3567,0.1691,D,0.3567,105,15.5,77.5,416.0
C032,1,0.5904,0.3958,0.0,0.0,0.0138,A,0.5904,112,15.5,78.5,208.0
C032,2,0.5675,0.4325,0.0,0.0,0.0,A,0.5675,100,15.5,78.5,208.0
C032,3,0.4636,0.4882,0.0481,0.0,0.0,B,0.4882,111,15.5,78.5,208.0
C032,4,0.3989,0.6011,0.0,0.0,0.0,B,0.6011,112,15.5,78.5,208.0
C032,5,0.4161,0.5839,0.0,0.0,0.0,B,0.5839,105,15.5,78.5,208.0
C033,1,0.6589,0.0,0.1777,0.0961,0.0673,A,0.6589,112,15.5,79.5,127.0
C033,2,0.5527,0.0,0.1799,0.1548,0.1125,A,0.5527,100,15.5,79.5,127.0
C033,3,0.5456,0.0,0.2656,0.0459,0.1429,A,0.5456,111,15.5,79.5,127.0
C033,4,0.5934,0.0,0.0964,0.1844,0.1258,A,0.5934,112,15.5,79.5,127.0
C033,5,0.4712,0.0,0.1384,0.161,0.2294,A,0.4712,105,15.5,79.5,127.0
C034,1,0.6285,0.3335,0.0346,0.0034,0.0,A,0.6285,112,16.5,73.5,154.0
C034,2,0.5314,0.3043,0.0,0.1643,0.0,A,0.5314,100,16.5,73.5,154.0
C034,3,0.5064,0.42,0.0057,0.068,0.0,A,0.5064,111,16.5,73.5,154.0
C034,4,0.3978,0.3852,0.001,0.1797,0.0364,A,0.3978,112,16.5,73.5,154.0
C034,5,0.1984,0.2115,0.0832,0.4909,0.016,D,0.4909,105,16.5,73.5,154.0
C035,1,0.534,0.1255,0.1131,0.1745,0.0528,A,0.534,112,16.5,74.5,570.0
C035,2,0.3543,0.1399,0.1162,0.1948,0.1947,A,0.3543,100,16.5,74.5,570.0
C035,3,0.33,0.1875,0.1698,0.2247,0.088,A,0.33,111,16.5,74.5,570.0
C035,4,0.2864,0.1831,0.1324,0.2847,0.1134,A,0.2864,112,16.5,74.5,570.0
C035,5,0.1963,0.1814,0.0965,0.36,0.1658,D,0.36,105,16.5,74.5,570.0
C036,1,0.776,0.1063,0.0905,0.0,0.0272,A,0.776,112,16.5,75.5,537.0
C036,2,0.6976,0.1593,0.0,0.0091,0.1341,A,0.6976,100,16.5,75.5,537.0
C036,3,0.5359,0.1413,0.2166,0.0434,0.0628,A,0.5359,111,16.5,75.5,537.0
C036,4,0.4513,0.1669,0.1239,0.1444,0.1134,A,0.4513,112,16.5,75.5,537.0
C036,5,0.3498,0.2353,0.0,0.2456,0.1693,A,0.3498,105,16.5,75.5,537.0
C037,1,0.7436,0.0,0.1082,0.0651,0.0831,A,0.7436,112,16.5,76.5,477.0
C037,2,0.7048,0.0,0.0085,0.2504,0.0363,A,0.7048,100,16.5,76.5,477.0
C037,3,0.5534,0.0,0.0729,0.2473,0.1264,A,0.5534,111,16.5,76.5,477.0
C037,4,0.4555,0.0,0.0242,0.4278,0.0925,A,0.4555,112,16.5,76.5,477.0
C037,5,0.476,0.0396,0.0,0.4045,0.0799,A,0.476,105,16.5,76.5,477.0
C038,1,0.5824,0.1227,0.0,0.2838,0.0112,A,0.5824,112,16.5,77.5,369.0
C038,2,0.5347,0.0988,0.0,0.3665,0.0,A,0.5347,100,16.5,77.5,369.0
C038,3,0.4767,0.0936,0.0832,0.3465,0.0,A,0.4767,111,16.5,77.5,369.0
C038,4,0.4226,0.1361,0.0,0.4414,0.0,D,0.4414,112,16.5,77.5,369.0
C038,5,0.4007,0.2364,0.0,0.3628,0.0,A,0.4007,105,16.5,77.5,369.0
C039,1,0.4743,0.003,0.1393,0.3441,0.0394,A,0.4743,112,16.5,78.5,415.0
C039,2,0.594,0.0,0.0332,0.308,0.0647,A,0.594,100,16.5,78.5,415.0
C039,3,0.3944,0.0,0.2374,0.3502,0.018,A,0.3944,111,16.5,78.5,415.0
C039,4,0.4564,0.104,0.024,0.3947,0.0209,A,0.4564,112,16.5,78.5,415.0
C039,5,0.4396,0.1092,0.0,0.3685,0.0826,A,0.4396,105,16.5,78.5,415.0
C040,1,0.1225,0.4524,0.1175,0.1832,0.1244,B,0.4524,112,16.5,79.5,136.0
C040,2,0.019,0.4304,0.0728,0.2856,0.1923,B,0.4304,100,16.5,79.5,136.0
C040,3,0.0591,0.3863,0.1586,0.2362,0.1598,B,0.3863,111,16.5,79.5,136.0
C040,4,0.142,0.3622,0.0496,0.2885,0.1577,B,0.3622,112,16.5,79.5,136.0
C040,5,0.1737,0.3575,0.0465,0.2403,0.182,B,0.3575,105,16.5,79.5,136.0
C041,1,0.4573,0.2062,0.0592,0.1752,0.1022,A,0.4573,112,16.5,80.5,21.0
C041,2,0.5592,0.2554,0.1095,0.0,0.0759,A,0.5592,100,16.5,80.5,21.0
C041,3,0.5982,0.2451,0.1365,0.0,0.0202,A,0.5982,111,16.5,80.5,21.0
C041,4,0.5708,0.4123,0.009,0.0,0.0079,A,0.5708,112,16.5,80.5,21.0
C041,5,0.4625,0.3418,0.063,0.0,0.1327,A,0.4625,105,16.5,80.5,21.0
C042,1,0.4124,0.0454,0.2352,0.2773,0.0297,A,0.4124,112,16.5,81.5,2.0
C042,2,0.342,0.0406,0.1487,0.3042,0.1644,A,0.342,100,16.5,81.5,2.0
C042,3,0.699,0.0638,0.2372,0.0,0.0,A,0.699,111,16.5,81.5,2.0
C042,4,0.6147,0.1561,0.15,0.0,0.0792,A,0.6147,112,16.5,81.5,2.0
C042,5,0.4854,0.0964,0.0897,0.1548,0.1737,A,0.4854,105,16.5,81.5,2.0
C043,1,0.8671,0.1069,0.026,0.0,0.0,A,0.8671,112,17.5,73.5,36.0
C043,2,0.8338,0.0854,0.0462,0.0,0.0345,A,0.8338,100,17.5,73.5,36.0
C043,3,0.6881,0.2119,0.1,0.0,0.0,A,0.6881,111,17.5,73.5,36.0
C043,4,0.5622,0.3249,0.1128,0.0,0.0,A,0.5622,112,17.5,73.5,36.0
C043,5,0.5362,0.3003,0.1389,0.0245,0.0,A,0.5362,105,17.5,73.5,36.0
C044,1,0.672,0.0447,0.018,0.1635,0.1019,A,0.672,112,17.5,74.5,691.0
C044,2,0.7852,0.0231,0.0928,0.0145,0.0843,A,0.7852,100,17.5,74.5,691.0
C044,3,0.5835,0.1356,0.0,0.1716,0.1092,A,0.5835,111,17.5,74.5,691.0
C044,4,0.4668,0.1554,0.0,0.2449,0.1329,A,0.4668,112,17.5,74.5,691.0
C044,5,0.4245,0.1893,0.0,0.306,0.0802,A,0.4245,105,17.5,74.5,691.0
C045,1,0.4989,0.2197,0.0676,0.174,0.0398,A,0.4989,112,17.5,75.5,444.0
C045,2,0.4939,0.2742,0.039,0.1619,0.031,A,0.4939,100,17.5,75.5,444.0
C045,3,0.4264,0.3311,0.0277,0.2148,0.0,A,0.4264,111,17.5,75.5,444.0
C045,4,0.2664,0.3823,0.0487,0.3026,0.0,B,0.3823,112,17.5,75.5,444.0
C045,5,0.1981,0.486,0.0,0.3159,0.0,B,0.486,105,17.5,75.5,444.0
C046,1,0.6955,0.1519,0.0208,0.1318,0.0,A,0.6955,112,17.5,76.5,521.0
C046,2,0.5413,0.1775,0.041,0.2148,0.0255,A,0.5413,100,17.5,76.5,521.0
C046,3,0.4035,0.2317,0.0,0.3475,0.0172,A,0.4035,111,17.5,76.5,521.0
C046,4,0.2613,0.2317,0.0,0.405,0.102,D,0.405,112,17.5,76.5,521.0
C046,5,0.2383,0.2718,0.0,0.381,0.1089,D,0.381,105,17.5,76.5,521.0
C047,1,0.512,0.3121,0.0,0.0966,0.0792,A,0.512,112,17.5,77.5,603.0
C047,2,0.4207,0.3086,0.0,0.2591,0.0115,A,0.4207,100,17.5,77.5,603.0
C047,3,0.3126,0.2685,0.0,0.3021,0.1168,A,0.3126,111,17.5,77.5,603.0
C047,4,0.3276,0.3232,0.0,0.2918,0.0575,A,0.3276,112,17.5,77.5,603.0
C047,5,0.3804,0.3996,0.0,0.1976,0.0224,B,0.3996,105,17.5,77.5,603.0
C048,1,0.3318,0.3417,0.1684,0.0,0.1581,B,0.3417,112,17.5,78.5,562.0
C048,2,0.2234,0.3218,0.1448,0.1336,0.1763,B,0.3218,100,17.5,78.5,562.0
C048,3,0.2735,0.2014,0.2376,0.1032,0.1843,A,0.2735,111,17.5,78.5,562.0
C048,4,0.304,0.1536,0.121,0.2439,0.1776,A,0.304,112,17.5,78.5,562.0
C048,5,0.4147,0.3289,0.0207,0.1347,0.101,A,0.4147,105,17.5,78.5,562.0
C049,1,0.6506,0.1327,0.0187,0.0718,0.1262,A,0.6506,112,17.5,79.5,255.0
C049,2,0.6414,0.1083,0.0763,0.0433,0.1307,A,0.6414,100,17.5,79.5,255.0
C049,3,0.6842,0.1348,0.1692,0.0,0.0118,A,0.6842,111,17.5,79.5,255.0
C049,4,0.6665,0.0464,0.0662,0.1445,0.0764,A,0.6665,112,17.5,79.5,255.0
C049,5,0.6909,0.0794,0.1078,0.0162,0.1057,A,0.6909,105,17.5,79.5,255.0
C050,1,0.5495,0.27,0.025,0.0622,0.0934,A,0.5495,112,17.5,80.5,162.0
C050,2,0.3326,0.2874,0.0934,0.0,0.2866,A,0.3326,100,17.5,80.5,162.0
C050,3,0.5332,0.2409,0.1571,0.0,0.0688,A,0.5332,111,17.5,80.5,162.0
C050,4,0.435,0.2588,0.1313,0.0,0.1749,A,0.435,112,17.5,80.5,162.0
C050,5,0.3998,0.2647,0.0885,0.0,0.247,A,0.3998,105,17.5,80.5,162.0
C051,1,0.8054,0.1946,0.0,0.0,0.0,A,0.8054,112,17.5,81.5,91.0
C051,2,0.7183,0.2417,0.0021,0.0,0.0379,A,0.7183,100,17.5,81.5,91.0
C051,3,0.7537,0.1924,0.0539,0.0,0.0,A,0.7537,111,17.5,81.5,91.0
C051,4,0.7501,0.2237,0.0262,0.0,0.0,A,0.7501,112,17.5,81.5,91.0
C051,5,0.6983,0.2396,0.0,0.0,0.0621,A,0.6983,105,17.5,81.5,91.0
C052,1,0.8711,0.0,0.0138,0.0,0.115,A,0.8711,112,17.5,82.5,47.0
C052,2,0.6159,0.0,0.0334,0.0,0.3507,A,0.6159,100,17.5,82.5,47.0
C052,3,0.6822,0.0,0.0189,0.0,0.299,A,0.6822,111,17.5,82.5,47.0
C052,4,0.7312,0.0,0.0,0.0,0.2688,A,0.7312,112,17.5,82.5,47.0
C052,5,0.6515,0.0,0.0,0.0,0.3485,A,0.6515,105,17.5,82.5,47.0
C053,1,0.6811,0.0429,0.0,0.1689,0.1071,A,0.6811,112,18.5,73.5,631.0
C053,2,0.7246,0.0728,0.0,0.0719,0.1307,A,0.7246,100,18.5,73.5,631.0
C053,3,0.7156,0.0865,0.0343,0.0527,0.1109,A,0.7156,111,18.5,73.5,631.0
C053,4,0.6016,0.0766,0.0805,0.08,0.1613,A,0.6016,112,18.5,73.5,631.0
C053,5,0.5472,0.0765,0.1167,0.1364,0.1232,A,0.5472,105,18.5,73.5,631.0
C054,1,0.7012,0.0,0.0,0.1918,0.107,A,0.7012,112,18.5,74.5,507.0
C054,2,0.6683,0.0,0.0634,0.1678,0.1005,A,0.6683,100,18.5,74.5,507.0
C054,3,0.5628,0.0,0.0868,0.1823,0.1681,A,0.5628,111,18.5,74.5,507.0
C054,4,0.5011,0.0,0.0319,0.368,0.099,A,0.5011,112,18.5,74.5,507.0
C054,5,0.5213,0.0144,0.0,0.4503,0.0139,A,0.5213,105,18.5,74.5,507.0
C055,1,0.5529,0.091,0.0,0.2901,0.066,A,0.5529,112,18.5,75.5,587.0
C055,2,0.5929,0.0362,0.0654,0.2261,0.0795,A,0.5929,100,18.5,75.5,587.0
C055,3,0.4873,0.0297,0.1448,0.2396,0.0986,A,0.4873,111,18.5,75.5,587.0
C055,4,0.301,0.1406,0.1138,0.3627,0.0819,D,0.3627,112,18.5,75.5,587.0
C055,5,0.3591,0.2255,0.0113,0.4041,0.0,D,0.4041,105,18.5,75.5,587.0
C056,1,0.497,0.114,0.0,0.351,0.038,A,0.497,112,18.5,76.5,611.0
C056,2,0.5534,0.1166,0.0111,0.2389,0.08,A,0.5534,100,18.5,76.5,611.0
C056,3,0.4189,0.1041,0.0598,0.2639,0.1534,A,0.4189,111,18.5,76.5,611.0
C056,4,0.2953,0.1324,0.0888,0.3661,0.1175,D,0.3661,112,18.5,76.5,611.0
C056,5,0.3613,0.1596,0.0,0.4185,0.0606,D,0.4185,105,18.5,76.5,611.0
C057,1,0.6953,0.0,0.0,0.1682,0.1364,A,0.6953,112,18.5,77.5,379.0
C057,2,0.5792,0.0,0.0,0.2145,0.2063,A,0.5792,100,18.5,77.5,379.0
C057,3,0.4558,0.0,0.0,0.2563,0.2879,A,0.4558,111,18.5,77.5,379.0
C057,4,0.6116,0.0,0.0099,0.2339,0.1446,A,0.6116,112,18.5,77.5,379.0
C057,5,0.7291,0.0,0.0,0.2086,0.0623,A,0.7291,105,18.5,77.5,379.0
C058,1,0.6017,0.2128,0.0,0.1055,0.08,A,0.6017,112,18.5,78.5,580.0
C058,2,0.5384,0.1727,0.0,0.1791,0.1098,A,0.5384,100,18.5,78.5,580.0
C058,3,0.4605,0.1999,0.1246,0.1106,0.1044,A,0.4605,111,18.5,78.5,580.0
C058,4,0.4889,0.0984,0.069,0.1507,0.1929,A,0.4889,112,18.5,78.5,580.0
C058,5,0.6053,0.1139,0.0159,0.133,0.1319,A,0.6053,105,18.5,78.5,580.0
C059,1,0.8795,0.0,0.0,0.0896,0.0309,A,0.8795,112,18.5,79.5,184.0
C059,2,0.8064,0.0183,0.0718,0.0483,0.0553,A,0.8064,100,18.5,79.5,184.0
C059,3,0.8301,0.0148,0.1551,0.0,0.0,A,0.8301,111,18.5,79.5,184.0
C059,4,0.7624,0.0,0.1092,0.0,0.1285,A,0.7624,112,18.5,79.5,184.0
C059,5,0.8423,0.0,0.0541,0.0,0.1036,A,0.8423,105,18.5,79.5,184.0
C060,1,0.586,0.3848,0.023,0.0062,0.0,A,0.586,112,18.5,80.5,243.0
C060,2,0.4487,0.4081,0.0665,0.0,0.0767,A,0.4487,100,18.5,80.5,243.0
C060,3,0.4391,0.4217,0.1392,0.0,0.0,A,0.4391,111,18.5,80.5,243.0
C060,4,0.3293,0.4,0.1134,0.0,0.1574,B,0.4,112,18.5,80.5,243.0
C060,5,0.3775,0.3542,0.0673,0.0,0.201,A,0.3775,105,18.5,80.5,243.0
C061,1,0.4923,0.5077,0.0,0.0,0.0,B,0.5077,112,18.5,81.5,346.0
C061,2,0.2586,0.6001,0.0,0.0,0.1412,B,0.6001,100,18.5,81.5,346.0
C061,3,0.3171,0.5955,0.0146,0.0,0.0728,B,0.5955,111,18.5,81.5,346.0
C061,4,0.3267,0.5607,0.0438,0.0,0.0688,B,0.5607,112,18.5,81.5,346.0
C061,5,0.3056,0.5659,0.0122,0.0,0.1163,B,0.5659,105,18.5,81.5,346.0
C062,1,0.7088,0.1993,0.0487,0.0,0.0432,A,0.7088,112,18.5,82.5,896.0
C062,2,0.5157,0.2571,0.0133,0.0,0.2139,A,0.5157,100,18.5,82.5,896.0
C062,3,0.6836,0.239,0.0774,0.0,0.0,A,0.6836,111,18.5,82.5,896.0
C062,4,0.6248,0.2165,0.0745,0.0404,0.0438,A,0.6248,112,18.5,82.5,896.0
C062,5,0.6352,0.2683,0.0,0.0261,0.0704,A,0.6352,105,18.5,82.5,896.0
C063,1,0.7485,0.0,0.0,0.1724,0.0791,A,0.7485,112,18.5,83.5,87.0
C063,2,0.7037,0.0,0.0365,0.2198,0.04,A,0.7037,100,18.5,83.5,87.0
C063,3,0.84,0.0,0.0,0.1411,0.0189,A,0.84,111,18.5,83.5,87.0
C063,4,0.7359,0.0,0.0,0.1654,0.0987,A,0.7359,112,18.5,83.5,87.0
C063,5,0.7024,0.0,0.0086,0.1229,0.166,A,0.7024,105,18.5,83.5,87.0
C064,1,0.0,0.3114,0.2832,0.4054,0.0,D,0.4054,112,19.5,73.5,238.0
C064,2,0.0,0.2911,0.2166,0.3871,0.1052,D,0.3871,100,19.5,73.5,238.0
C064,3,0.0,0.2281,0.3352,0.3142,0.1226,C,0.3352,111,19.5,73.5,238.0
C064,4,0.0,0.1703,0.4027,0.2773,0.1497,C,0.4027,112,19.5,73.5,238.0
C064,5,0.0,0.1658,0.3016,0.3329,0.1996,D,0.3329,105,19.5,73.5,238.0
C065,1,0.7622,0.0172,0.0,0.1733,0.0473,A,0.7622,112,19.5,74.5,529.0
C065,2,0.5497,0.0559,0.0,0.2459,0.1485,A,0.5497,100,19.5,74.5,529.0
C065,3,0.4782,0.0574,0.0,0.286,0.1783,A,0.4782,111,19.5,74.5,529.0
C065,4,0.524,0.0685,0.003,0.3169,0.0877,A,0.524,112,19.5,74.5,529.0
C065,5,0.3473,0.0735,0.0676,0.3903,0.1212,D,0.3903,105,19.5,74.5,529.0
C066,1,0.5702,0.2904,0.0,0.1016,0.0378,A,0.5702,112,19.5,75.5,461.0
C066,2,0.3884,0.3759,0.0,0.1831,0.0526,A,0.3884,100,19.5,75.5,461.0
C066,3,0.2396,0.4036,0.0323,0.1699,0.1546,B,0.4036,111,19.5,75.5,461.0
C066,4,0.118,0.4146,0.0953,0.2944,0.0778,B,0.4146,112,19.5,75.5,461.0
C066,5,0.0987,0.4742,0.0561,0.3184,0.0526,B,0.4742,105,19.5,75.5,461.0
C067,1,0.536,0.2687,0.0,0.0894,0.106,A,0.536,112,19.5,76.5,411.0
C067,2,0.5802,0.2706,0.0,0.1156,0.0336,A,0.5802,100,19.5,76.5,411.0
C067,3,0.4262,0.3172,0.0309,0.1569,0.0688,A,0.4262,111,19.5,76.5,411.0
C067,4,0.2891,0.3517,0.0816,0.2483,0.0292,B,0.3517,112,19.5,76.5,411.0
C067,5,0.2221,0.4778,0.0,0.3001,0.0,B,0.4778,105,19.5,76.5,411.0
C068,1,0.6698,0.101,0.0,0.2167,0.0125,A,0.6698,112,19.5,77.5,405.0
C068,2,0.5433,0.1426,0.0,0.2329,0.0813,A,0.5433,100,19.5,77.5,405.0
C068,3,0.3482,0.2015,0.0324,0.2829,0.135,A,0.3482,111,19.5,77.5,405.0
C068,4,0.3889,0.193,0.0319,0.31,0.0761,A,0.3889,112,19.5,77.5,405.0
C068,5,0.3688,0.2163,0.0,0.3154,0.0995,A,0.3688,105,19.5,77.5,405.0
C069,1,0.8035,0.1378,0.0,0.0,0.0586,A,0.8035,112,19.5,78.5,447.0
C069,2,0.6196,0.1849,0.0,0.0657,0.1297,A,0.6196,100,19.5,78.5,447.0
C069,3,0.6357,0.1813,0.0533,0.0,0.1297,A,0.6357,111,19.5,78.5,447.0
C069,4,0.6329,0.1702,0.0939,0.0,0.1029,A,0.6329,112,19.5,78.5,447.0
C069,5,0.7161,0.1239,0.0,0.1086,0.0514,A,0.7161,105,19.5,78.5,447.0
C070,1,0.6643,0.1937,0.0487,0.0,0.0934,A,0.6643,112,19.5,79.5,224.0
C070,2,0.607,0.1916,0.0856,0.0,0.1158,A,0.607,100,19.5,79.5,224.0
C070,3,0.51,0.2133,0.1022,0.0,0.1746,A,0.51,111,19.5,79.5,224.0
C070,4,0.4821,0.1851,0.1264,0.0,0.2064,A,0.4821,112,19.5,79.5,224.0
C070,5,0.5935,0.1604,0.0117,0.0707,0.1637,A,0.5935,105,19.5,79.5,224.0
C071,1,0.7465,0.2535,0.0,0.0,0.0,A,0.7465,112,19.5,80.5,274.0
C071,2,0.5142,0.3342,0.0,0.0,0.1516,A,0.5142,100,19.5,80.5,274.0
C071,3,0.4694,0.3629,0.0303,0.0,0.1374,A,0.4694,111,19.5,80.5,274.0
C071,4,0.411,0.3851,0.0,0.0,0.2039,A,0.411,112,19.5,80.5,274.0
C071,5,0.4297,0.3398,0.0,0.0,0.2304,A,0.4297,105,19.5,80.5,274.0
C072,1,0.837,0.1296,0.0224,0.0109,0.0,A,0.837,112,19.5,81.5,563.0
C072,2,0.5927,0.1913,0.0338,0.0,0.1821,A,0.5927,100,19.5,81.5,563.0
C072,3,0.6764,0.2166,0.107,0.0,0.0,A,0.6764,111,19.5,81.5,563.0
C072,4,0.5263,0.2205,0.0774,0.0,0.1757,A,0.5263,112,19.5,81.5,563.0
C072,5,0.5207,0.2407,0.0381,0.0,0.2005,A,0.5207,105,19.5,81.5,563.0
C073,1,0.8073,0.0037,0.0,0.076,0.113,A,0.8073,112,19.5,82.5,619.0
C073,2,0.6084,0.0983,0.0,0.0184,0.2748,A,0.6084,100,19.5,82.5,619.0
C073,3,0.6826,0.076,0.0529,0.0,0.1885,A,0.6826,111,19.5,82.5,619.0
C073,4,0.6122,0.0926,0.0091,0.0076,0.2785,A,0.6122,112,19.5,82.5,619.0
C073,5,0.641,0.1027,0.0,0.0,0.2563,A,0.641,105,19.5,82.5,619.0
C074,1,0.5748,0.2239,0.0981,0.0,0.1032,A,0.5748,112,19.5,83.5,414.0
C074,2,0.4687,0.3019,0.0736,0.0,0.1557,A,0.4687,100,19.5,83.5,414.0
C074,3,0.5522,0.294,0.058,0.0,0.0958,A,0.5522,111,19.5,83.5,414.0
C074,4,0.5624,0.2486,0.041,0.0,0.148,A,0.5624,112,19.5,83.5,414.0
C074,5,0.4688,0.2886,0.0322,0.0,0.2103,A,0.4688,105,19.5,83.5,414.0
C075,1,0.2695,0.3721,0.0649,0.2936,0.0,B,0.3721,112,19.5,84.5,368.0
C075,2,0.2226,0.5865,0.0508,0.14,0.0,B,0.5865,100,19.5,84.5,368.0
C075,3,0.2696,0.5362,0.0939,0.1003,0.0,B,0.5362,111,19.5,84.5,368.0
C075,4,0.2871,0.5281,0.1061,0.0786,0.0,B,0.5281,112,19.5,84.5,368.0
C075,5,0.1635,0.6405,0.1301,0.0206,0.0454,B,0.6405,105,19.5,84.5,368.0
C076,1,0.7589,0.1472,0.0625,0.0,0.0315,A,0.7589,112,20.5,73.5,282.0
C076,2,0.7694,0.0951,0.0237,0.0,0.1118,A,0.7694,100,20.5,73.5,282.0
C076,3,0.6953,0.1455,0.0545,0.0193,0.0855,A,0.6953,111,20.5,73.5,282.0
C076,4,0.6052,0.1364,0.0945,0.1639,0.0,A,0.6052,112,20.5,73.5,282.0
C076,5,0.5083,0.0609,0.0886,0.3423,0.0,A,0.5083,105,20.5,73.5,282.0
C077,1,0.6708,0.2313,0.0,0.0978,0.0,A,0.6708,112,20.5,74.5,443.0
C077,2,0.5542,0.2771,0.0,0.1687,0.0,A,0.5542,100,20.5,74.5,443.0
C077,3,0.414,0.2914,0.0,0.1941,0.1005,A,0.414,111,20.5,74.5,443.0
C077,4,0.3085,0.3277,0.0,0.3453,0.0185,D,0.3453,112,20.5,74.5,443.0
C077,5,0.3361,0.2702,0.0294,0.3345,0.0298,A,0.3361,105,20.5,74.5,443.0
C078,1,0.7423,0.1916,0.0,0.0528,0.0134,A,0.7423,112,20.5,75.5,428.0
C078,2,0.6209,0.2398,0.0,0.0903,0.0491,A,0.6209,100,20.5,75.5,428.0
C078,3,0.4641,0.2654,0.0283,0.1374,0.1048,A,0.4641,111,20.5,75.5,428.0
C078,4,0.2909,0.264,0.0,0.3806,0.0645,D,0.3806,112,20.5,75.5,428.0
C078,5,0.2435,0.2596,0.0,0.3759,0.121,D,0.3759,105,20.5,75.5,428.0
C079,1,0.8,0.0879,0.0,0.0206,0.0915,A,0.8,112,20.5,76.5,489.0
C079,2,0.6363,0.1694,0.0,0.0811,0.1132,A,0.6363,100,20.5,76.5,489.0
C079,3,0.6101,0.1653,0.0,0.1522,0.0723,A,0.6101,111,20.5,76.5,489.0
C079,4,0.4965,0.2348,0.0,0.193,0.0757,A,0.4965,112,20.5,76.5,489.0
C079,5,0.4145,0.2707,0.0,0.2165,0.0983,A,0.4145,105,20.5,76.5,489.0
C080,1,0.6684,0.1679,0.0,0.0609,0.1028,A,0.6684,112,20.5,77.5,391.0
C080,2,0.3954,0.2494,0.0,0.1393,0.2159,A,0.3954,100,20.5,77.5,391.0
C080,3,0.4116,0.2216,0.0,0.1817,0.1852,A,0.4116,111,20.5,77.5,391.0
C080,4,0.3652,0.2794,0.0,0.2322,0.1232,A,0.3652,112,20.5,77.5,391.0
C080,5,0.3114,0.3214,0.0,0.2511,0.1161,B,0.3214,105,20.5,77.5,391.0
C081,1,0.5977,0.3687,0.0,0.0245,0.0091,A,0.5977,112,20.5,78.5,245.0
C081,2,0.3077,0.5745,0.0,0.0603,0.0575,B,0.5745,100,20.5,78.5,245.0
C081,3,0.2715,0.5375,0.0825,0.0295,0.0789,B,0.5375,111,20.5,78.5,245.0
C081,4,0.3018,0.5507,0.0838,0.0223,0.0414,B,0.5507,112,20.5,78.5,245.0
C081,5,0.3421,0.5241,0.0,0.1338,0.0,B,0.5241,105,20.5,78.5,245.0
C082,1,0.6871,0.2431,0.0,0.0,0.0698,A,0.6871,112,20.5,79.5,228.0
C082,2,0.492,0.3746,0.0152,0.0,0.1182,A,0.492,100,20.5,79.5,228.0
C082,3,0.3392,0.4456,0.0449,0.0,0.1703,B,0.4456,111,20.5,79.5,228.0
C082,4,0.3568,0.4247,0.0491,0.0,0.1694,B,0.4247,112,20.5,79.5,228.0
C082,5,0.4941,0.3456,0.0,0.0502,0.11,A,0.4941,105,20.5,79.5,228.0
C083,1,0.7752,0.1463,0.0104,0.0,0.0682,A,0.7752,112,20.5,80.5,365.0
C083,2,0.6352,0.236,0.0,0.0,0.1289,A,0.6352,100,20.5,80.5,365.0
C083,3,0.5908,0.2685,0.0506,0.0,0.0901,A,0.5908,111,20.5,80.5,365.0
C083,4,0.4716,0.2822,0.0079,0.0,0.2383,A,0.4716,112,20.5,80.5,365.0
C083,5,0.5802,0.2452,0.0,0.0,0.1746,A,0.5802,105,20.5,80.5,365.0
C084,1,0.5824,0.0993,0.0035,0.1932,0.1216,A,0.5824,112,20.5,81.5,360.0
C084,2,0.5268,0.2244,0.0112,0.0,0.2375,A,0.5268,100,20.5,81.5,360.0
C084,3,0.5616,0.2275,0.0723,0.0233,0.1152,A,0.5616,111,20.5,81.5,360.0
C084,4,0.38,0.2967,0.0171,0.0,0.3062,A,0.38,112,20.5,81.5,360.0
C084,5,0.4467,0.2571,0.0,0.0,0.2962,A,0.4467,105,20.5,81.5,360.0
C085,1,0.3861,0.398,0.1156,0.0773,0.023,B,0.398,112,20.5,82.5,722.0
C085,2,0.2333,0.452,0.0726,0.1547,0.0875,B,0.452,100,20.5,82.5,722.0
C085,3,0.2619,0.4271,0.0707,0.2019,0.0385,B,0.4271,111,20.5,82.5,722.0
C085,4,0.2644,0.4452,0.0522,0.1355,0.1027,B,0.4452,112,20.5,82.5,722.0
C085,5,0.2907,0.4851,0.1049,0.0,0.1193,B,0.4851,105,20.5,82.5,722.0
C086,1,0.4561,0.314,0.0213,0.1582,0.0504,A,0.4561,112,20.5,83.5,164.0
C086,2,0.3144,0.3535,0.0,0.195,0.1371,B,0.3535,100,20.5,83.5,164.0
C086,3,0.426,0.3675,0.04,0.1112,0.0553,A,0.426,111,20.5,83.5,164.0
C086,4,0.472,0.3671,0.0669,0.0,0.0941,A,0.472,112,20.5,83.5,164.0
C086,5,0.261,0.473,0.0537,0.0,0.2122,B,0.473,105,20.5,83.5,164.0
C087,1,0.4401,0.3637,0.0192,0.0459,0.1311,A,0.4401,112,20.5,84.5,423.0
C087,2,0.3365,0.4661,0.0,0.0,0.1974,B,0.4661,100,20.5,84.5,423.0
C087,3,0.4266,0.4064,0.0,0.0,0.167,A,0.4266,111,20.5,84.5,423.0
C087,4,0.3647,0.4239,0.0,0.0,0.2114,B,0.4239,112,20.5,84.5,423.0
C087,5,0.3118,0.4376,0.0426,0.0,0.2079,B,0.4376,105,20.5,84.5,423.0
C088,1,0.5624,0.3009,0.0,0.0,0.1367,A,0.5624,112,20.5,85.5,98.0
C088,2,0.4762,0.3289,0.0,0.0,0.195,A,0.4762,100,20.5,85.5,98.0
C088,3,0.5658,0.2923,0.0,0.0,0.1419,A,0.5658,111,20.5,85.5,98.0
C088,4,0.5815,0.2907,0.0,0.0,0.1278,A,0.5815,112,20.5,85.5,98.0
C088,5,0.5703,0.2797,0.0,0.0,0.1499,A,0.5703,105,20.5,85.5,98.0
C089,1,0.5364,0.3216,0.0,0.0,0.142,A,0.5364,112,20.5,86.5,2.0
C089,2,0.2788,0.3119,0.0,0.1838,0.2256,B,0.3119,100,20.5,86.5,2.0
C089,3,0.4736,0.3066,0.0,0.0606,0.1592,A,0.4736,111,20.5,86.5,2.0
C089,4,0.468,0.3034,0.0,0.1357,0.0929,A,0.468,112,20.5,86.5,2.0
C089,5,0.4222,0.2674,0.0,0.2299,0.0805,A,0.4222,105,20.5,86.5,2.0
C090,1,0.8185,0.0173,0.1551,0.0092,0.0,A,0.8185,112,21.5,70.5,605.0
C090,2,0.6818,0.0,0.0563,0.2619,0.0,A,0.6818,100,21.5,70.5,605.0
C090,3,0.6962,0.0,0.0823,0.2215,0.0,A,0.6962,111,21.5,70.5,605.0
C090,4,0.5645,0.0,0.1054,0.3301,0.0,A,0.5645,112,21.5,70.5,605.0
C090,5,0.5655,0.0,0.1064,0.3281,0.0,A,0.5655,105,21.5,70.5,605.0
C091,1,0.4843,0.3189,0.0623,0.1054,0.029,A,0.4843,112,21.5,71.5,92.0
C091,2,0.4391,0.3016,0.0,0.2254,0.0339,A,0.4391,100,21.5,71.5,92.0
C091,3,0.3567,0.3136,0.0132,0.1762,0.1403,A,0.3567,111,21.5,71.5,92.0
C091,4,0.1077,0.3665,0.0824,0.2246,0.2188,B,0.3665,112,21.5,71.5,92.0
C091,5,0.1517,0.3743,0.0475,0.2869,0.1396,B,0.3743,105,21.5,71.5,92.0
C092,1,0.6958,0.0723,0.1045,0.1274,0.0,A,0.6958,112,21.5,73.5,228.0
C092,2,0.7806,0.0595,0.1469,0.013,0.0,A,0.7806,100,21.5,73.5,228.0
C092,3,0.8104,0.0673,0.1078,0.0144,0.0,A,0.8104,111,21.5,73.5,228.0
C092,4,0.6622,0.0915,0.1214,0.125,0.0,A,0.6622,112,21.5,73.5,228.0
C092,5,0.437,0.0935,0.1829,0.2867,0.0,A,0.437,105,21.5,73.5,228.0
C093,1,0.6493,0.2577,0.0,0.0874,0.0056,A,0.6493,112,21.5,74.5,150.0
C093,2,0.5756,0.2862,0.0681,0.0701,0.0,A,0.5756,100,21.5,74.5,150.0
C093,3,0.4721,0.3457,0.0947,0.0874,0.0,A,0.4721,111,21.5,74.5,150.0
C093,4,0.3905,0.4197,0.0568,0.133,0.0,B,0.4197,112,21.5,74.5,150.0
C093,5,0.4298,0.3465,0.0918,0.132,0.0,A,0.4298,105,21.5,74.5,150.0
C094,1,0.8044,0.1449,0.0,0.0,0.0507,A,0.8044,112,21.5,75.5,600.0
C094,2,0.7032,0.1768,0.0,0.0,0.12,A,0.7032,100,21.5,75.5,600.0
C094,3,0.7562,0.2438,0.0,0.0,0.0,A,0.7562,111,21.5,75.5,600.0
C094,4,0.6177,0.3151,0.0,0.0671,0.0,A,0.6177,112,21.5,75.5,600.0
C094,5,0.511,0.3567,0.0,0.1323,0.0,A,0.511,105,21.5,75.5,600.0
C095,1,0.7651,0.2036,0.0313,0.0,0.0,A,0.7651,112,21.5,76.5,322.0
C095,2,0.5222,0.281,0.011,0.0225,0.1634,A,0.5222,100,21.5,76.5,322.0
C095,3,0.5679,0.2886,0.0,0.0424,0.1011,A,0.5679,111,21.5,76.5,322.0
C095,4,0.3761,0.3755,0.0,0.1298,0.1186,A,0.3761,112,21.5,76.5,322.0
C095,5,0.3545,0.4197,0.0,0.1222,0.1036,B,0.4197,105,21.5,76.5,322.0
C096,1,0.9129,0.0871,0.0,0.0,0.0,A,0.9129,112,21.5,77.5,1034.0
C096,2,0.6787,0.1252,0.0,0.0,0.1961,A,0.6787,100,21.5,77.5,1034.0
C096,3,0.7761,0.0812,0.0,0.0,0.1427,A,0.7761,111,21.5,77.5,1034.0
C096,4,0.6922,0.0986,0.0,0.0,0.2091,A,0.6922,112,21.5,77.5,1034.0
C096,5,0.7686,0.1235,0.0,0.0,0.1079,A,0.7686,105,21.5,77.5,1034.0
C097,1,0.6544,0.2667,0.0361,0.0054,0.0376,A,0.6544,112,21.5,78.5,420.0
C097,2,0.4457,0.3777,0.0,0.0816,0.095,A,0.4457,100,21.5,78.5,420.0
C097,3,0.418,0.3928,0.024,0.0,0.1652,A,0.418,111,21.5,78.5,420.0
C097,4,0.3398,0.4096,0.0487,0.0,0.2019,B,0.4096,112,21.5,78.5,420.0
C097,5,0.4109,0.4173,0.0,0.1092,0.0626,B,0.4173,105,21.5,78.5,420.0
C098,1,0.5648,0.2526,0.0543,0.0206,0.1078,A,0.5648,112,21.5,79.5,361.0
C098,2,0.1638,0.3827,0.0587,0.1537,0.241,B,0.3827,100,21.5,79.5,361.0
C098,3,0.2758,0.35,0.0505,0.0076,0.3161,B,0.35,111,21.5,79.5,361.0
C098,4,0.3644,0.3499,0.0684,0.0,0.2172,A,0.3644,112,21.5,79.5,361.0
C098,5,0.5582,0.3112,0.0541,0.0,0.0764,A,0.5582,105,21.5,79.5,361.0
C099,1,0.5142,0.3251,0.0222,0.0448,0.0938,A,0.5142,112,21.5,80.5,310.0
C099,2,0.216,0.4497,0.0,0.1776,0.1566,B,0.4497,100,21.5,80.5,310.0
C099,3,0.3369,0.464,0.0,0.0759,0.1232,B,0.464,111,21.5,80.5,310.0
C099,4,0.2476,0.4972,0.0089,0.0957,0.1507,B,0.4972,112,21.5,80.5,310.0
C099,5,0.3566,0.4208,0.0,0.0796,0.1431,B,0.4208,105,21.5,80.5,310.0
C100,1,0.5539,0.4006,0.0,0.0,0.0455,A,0.5539,112,21.5,81.5,290.0
C100,2,0.3765,0.5138,0.0,0.0242,0.0854,B,0.5138,100,21.5,81.5,290.0
C100,3,0.3278,0.547,0.0,0.1252,0.0,B,0.547,111,21.5,81.5,290.0
C100,4,0.3038,0.5565,0.0216,0.077,0.0411,B,0.5565,112,21.5,81.5,290.0
C100,5,0.2914,0.5735,0.0352,0.0414,0.0586,B,0.5735,105,21.5,81.5,290.0
C101,1,0.4213,0.4398,0.0,0.0869,0.052,B,0.4398,112,21.5,82.5,399.0
C101,2,0.2816,0.5229,0.0,0.0896,0.1059,B,0.5229,100,21.5,82.5,399.0
C101,3,0.298,0.546,0.0247,0.099,0.0322,B,0.546,111,21.5,82.5,399.0
C101,4,0.2197,0.5744,0.0413,0.0409,0.1238,B,0.5744,112,21.5,82.5,399.0
C101,5,0.2403,0.5648,0.02,0.0,0.1749,B,0.5648,105,21.5,82.5,399.0
C102,1,0.5902,0.3124,0.0,0.0,0.0975,A,0.5902,112,21.5,83.5,201.0
C102,2,0.4939,0.3818,0.0,0.0,0.1243,A,0.4939,100,21.5,83.5,201.0
C102,3,0.446,0.4395,0.0,0.0118,0.1026,A,0.446,111,21.5,83.5,201.0
C102,4,0.4544,0.409,0.0226,0.0,0.1139,A,0.4544,112,21.5,83.5,201.0
C102,5,0.3706,0.4376,0.004,0.0,0.1878,B,0.4376,105,21.5,83.5,201.0
C103,1,0.616,0.2595,0.0,0.0,0.1245,A,0.616,112,21.5,84.5,260.0
C103,2,0.5203,0.3034,0.0,0.0227,0.1536,A,0.5203,100,21.5,84.5,260.0
C103,3,0.5838,0.3092,0.0,0.0369,0.0702,A,0.5838,111,21.5,84.5,260.0
C103,4,0.552,0.3161,0.0038,0.0,0.1282,A,0.552,112,21.5,84.5,260.0
C103,5,0.4698,0.3645,0.0044,0.0,0.1613,A,0.4698,105,21.5,84.5,260.0
C104,1,0.9521,0.0444,0.0,0.0,0.0035,A,0.9521,112,21.5,85.5,590.0
C104,2,0.6791,0.0224,0.0,0.2217,0.0768,A,0.6791,100,21.5,85.5,590.0
C104,3,0.9618,0.0097,0.0,0.0285,0.0,A,0.9618,111,21.5,85.5,590.0
C104,4,0.9368,0.0,0.0,0.0,0.0632,A,0.9368,112,21.5,85.5,590.0
C104,5,0.8094,0.0,0.0498,0.0,0.1408,A,0.8094,105,21.5,85.5,590.0
C105,1,0.6345,0.1796,0.0,0.0,0.1859,A,0.6345,112,21.5,86.5,58.0
C105,2,0.4813,0.2267,0.0,0.0258,0.2662,A,0.4813,100,21.5,86.5,58.0
C105,3,0.5877,0.1971,0.0,0.0278,0.1875,A,0.5877,111,21.5,86.5,58.0
C105,4,0.7045,0.1604,0.0,0.0544,0.0807,A,0.7045,112,21.5,86.5,58.0
C105,5,0.5753,0.2004,0.0,0.0985,0.1257,A,0.5753,105,21.5,86.5,58.0
C106,1,0.6289,0.1715,0.0,0.142,0.0576,A,0.6289,112,22.5,70.5,60.0
C106,2,0.5445,0.1537,0.0,0.2162,0.0856,A,0.5445,100,22.5,70.5,60.0
C106,3,0.4953,0.1569,0.0,0.182,0.1658,A,0.4953,111,22.5,70.5,60.0
C106,4,0.4242,0.1659,0.0,0.1909,0.219,A,0.4242,112,22.5,70.5,60.0
C106,5,0.3327,0.1943,0.0374,0.1596,0.2761,A,0.3327,105,22.5,70.5,60.0
C107,1,0.6875,0.1528,0.0,0.1305,0.0293,A,0.6875,112,22.5,71.5,113.0
C107,2,0.5291,0.192,0.0,0.2531,0.0258,A,0.5291,100,22.5,71.5,113.0
C107,3,0.5457,0.2034,0.0,0.1382,0.1127,A,0.5457,111,22.5,71.5,113.0
C107,4,0.3843,0.2986,0.0041,0.1213,0.1917,A,0.3843,112,22.5,71.5,113.0
C107,5,0.3478,0.2897,0.067,0.2505,0.045,A,0.3478,105,22.5,71.5,113.0
C108,1,0.571,0.243,0.0,0.186,0.0,A,0.571,112,22.5,72.5,17.0
C108,2,0.5177,0.2687,0.0,0.2136,0.0,A,0.5177,100,22.5,72.5,17.0
C108,3,0.595,0.2626,0.0158,0.119,0.0077,A,0.595,111,22.5,72.5,17.0
C108,4,0.3424,0.2709,0.0533,0.2563,0.0772,A,0.3424,112,22.5,72.5,17.0
C108,5,0.3485,0.2863,0.0459,0.3115,0.0078,A,0.3485,105,22.5,72.5,17.0
C109,1,0.6515,0.2863,0.0434,0.0188,0.0,A,0.6515,112,22.5,73.5,129.0
C109,2,0.5722,0.2927,0.0629,0.0485,0.0237,A,0.5722,100,22.5,73.5,129.0
C109,3,0.6547,0.265,0.0184,0.0618,0.0,A,0.6547,111,22.5,73.5,129.0
C109,4,0.6352,0.3455,0.0,0.0,0.0193,A,0.6352,112,22.5,73.5,129.0
C109,5,0.4596,0.3747,0.1196,0.0461,0.0,A,0.4596,105,22.5,73.5,129.0
C110,1,0.7991,0.1168,0.0,0.0842,0.0,A,0.7991,112,22.5,74.5,379.0
C110,2,0.6307,0.152,0.1062,0.0717,0.0393,A,0.6307,100,22.5,74.5,379.0
C110,3,0.6791,0.1481,0.0014,0.1714,0.0,A,0.6791,111,22.5,74.5,379.0
C110,4,0.7051,0.1913,0.0,0.1036,0.0,A,0.7051,112,22.5,74.5,379.0
C110,5,0.6726,0.2083,0.0199,0.0992,0.0,A,0.6726,105,22.5,74.5,379.0
C111,1,0.7349,0.1513,0.0,0.0192,0.0946,A,0.7349,112,22.5,75.5,547.0
C111,2,0.6665,0.211,0.1045,0.0,0.018,A,0.6665,100,22.5,75.5,547.0
C111,3,0.6923,0.2346,0.0,0.0731,0.0,A,0.6923,111,22.5,75.5,547.0
C111,4,0.6467,0.2821,0.0,0.0711,0.0,A,0.6467,112,22.5,75.5,547.0
C111,5,0.6469,0.301,0.0,0.0388,0.0133,A,0.6469,105,22.5,75.5,547.0
C112,1,0.7977,0.0452,0.0,0.0809,0.0762,A,0.7977,112,22.5,76.5,299.0
C112,2,0.8258,0.0928,0.008,0.0,0.0734,A,0.8258,100,22.5,76.5,299.0
C112,3,0.7813,0.203,0.0,0.0,0.0157,A,0.7813,111,22.5,76.5,299.0
C112,4,0.4611,0.3842,0.0,0.0042,0.1506,A,0.4611,112,22.5,76.5,299.0
C112,5,0.4893,0.4199,0.0,0.0,0.0908,A,0.4893,105,22.5,76.5,299.0
C113,1,0.629,0.2772,0.0,0.011,0.0828,A,0.629,112,22.5,77.5,304.0
C113,2,0.5317,0.3784,0.0,0.0,0.0899,A,0.5317,100,22.5,77.5,304.0
C113,3,0.492,0.3783,0.0,0.0,0.1297,A,0.492,111,22.5,77.5,304.0
C113,4,0.1915,0.5666,0.0,0.0138,0.2281,B,0.5666,112,22.5,77.5,304.0
C113,5,0.2635,0.5386,0.0,0.0522,0.1458,B,0.5386,105,22.5,77.5,304.0
C114,1,0.1397,0.7823,0.0487,0.0292,0.0,B,0.7823,112,22.5,78.5,682.0
C114,2,0.0799,0.8715,0.0467,0.0019,0.0,B,0.8715,100,22.5,78.5,682.0
C114,3,0.133,0.8412,0.0258,0.0,0.0,B,0.8412,111,22.5,78.5,682.0
C114,4,0.0083,0.9311,0.0606,0.0,0.0,B,0.9311,112,22.5,78.5,682.0
C114,5,0.0413,0.8903,0.0341,0.0,0.0343,B,0.8903,105,22.5,78.5,682.0
C115,1,0.6275,0.0398,0.0,0.2426,0.0901,A,0.6275,112,22.5,79.5,568.0
C115,2,0.4687,0.2258,0.0,0.1804,0.1251,A,0.4687,100,22.5,79.5,568.0
C115,3,0.4461,0.2768,0.0,0.025,0.2521,A,0.4461,111,22.5,79.5,568.0
C115,4,0.2567,0.3779,0.0,0.0,0.3654,B,0.3779,112,22.5,79.5,568.0
C115,5,0.4112,0.3127,0.0,0.0,0.2761,A,0.4112,105,22.5,79.5,568.0
C116,1,0.3638,0.3521,0.0,0.1835,0.1006,A,0.3638,112,22.5,80.5,462.0
C116,2,0.279,0.4942,0.0236,0.0399,0.1634,B,0.4942,100,22.5,80.5,462.0
C116,3,0.4514,0.4897,0.0,0.0,0.0589,B,0.4897,111,22.5,80.5,462.0
C116,4,0.2512,0.5614,0.0031,0.0,0.1843,B,0.5614,112,22.5,80.5,462.0
C116,5,0.3032,0.4802,0.0,0.0,0.2167,B,0.4802,105,22.5,80.5,462.0
C117,1,0.7547,0.0197,0.0,0.0116,0.2139,A,0.7547,112,22.5,81.5,772.0
C117,2,0.6167,0.0758,0.0,0.0193,0.2882,A,0.6167,100,22.5,81.5,772.0
C117,3,0.5402,0.1431,0.0,0.0,0.3167,A,0.5402,111,22.5,81.5,772.0
C117,4,0.4797,0.1726,0.0,0.0,0.3477,A,0.4797,112,22.5,81.5,772.0
C117,5,0.4822,0.1731,0.0,0.0,0.3447,A,0.4822,105,22.5,81.5,772.0
C118,1,0.716,0.2085,0.0,0.0,0.0755,A,0.716,112,22.5,82.5,332.0
C118,2,0.5821,0.3066,0.0,0.0,0.1114,A,0.5821,100,22.5,82.5,332.0
C118,3,0.5372,0.4014,0.0,0.0,0.0614,A,0.5372,111,22.5,82.5,332.0
C118,4,0.4939,0.4111,0.0019,0.0,0.0931,A,0.4939,112,22.5,82.5,332.0
C118,5,0.4647,0.4622,0.0,0.0,0.0731,A,0.4647,105,22.5,82.5,332.0
C119,1,0.4413,0.2337,0.0,0.2261,0.0989,A,0.4413,112,22.5,83.5,558.0
C119,2,0.408,0.342,0.0,0.0525,0.1976,A,0.408,100,22.5,83.5,558.0
C119,3,0.4425,0.3543,0.0,0.1376,0.0657,A,0.4425,111,22.5,83.5,558.0
C119,4,0.4555,0.3833,0.0356,0.0,0.1256,A,0.4555,112,22.5,83.5,558.0
C119,5,0.4927,0.3859,0.006,0.0,0.1155,A,0.4927,105,22.5,83.5,558.0
C120,1,0.3771,0.395,0.0,0.0561,0.1718,B,0.395,112,22.5,84.5,358.0
C120,2,0.3417,0.4688,0.0,0.0183,0.1712,B,0.4688,100,22.5,84.5,358.0
C120,3,0.4367,0.4648,0.0,0.0,0.0985,B,0.4648,111,22.5,84.5,358.0
C120,4,0.4846,0.4536,0.0,0.0,0.0618,A,0.4846,112,22.5,84.5,358.0
C120,5,0.3294,0.5157,0.0,0.0347,0.1202,B,0.5157,105,22.5,84.5,358.0
C121,1,0.1052,0.8306,0.0633,0.0,0.0009,B,0.8306,112,22.5,85.5,453.0
C121,2,0.0876,0.8047,0.0047,0.103,0.0,B,0.8047,100,22.5,85.5,453.0
C121,3,0.1292,0.8234,0.0239,0.0234,0.0,B,0.8234,111,22.5,85.5,453.0
C121,4,0.2078,0.7494,0.0428,0.0,0.0,B,0.7494,112,22.5,85.5,453.0
C121,5,0.2365,0.7229,0.0244,0.0162,0.0,B,0.7229,105,22.5,85.5,453.0
C122,1,0.4681,0.3234,0.0,0.0,0.2085,A,0.4681,112,22.5,86.5,85.0
C122,2,0.449,0.3338,0.0,0.0384,0.1788,A,0.449,100,22.5,86.5,85.0
C122,3,0.4472,0.3264,0.0,0.0,0.2263,A,0.4472,111,22.5,86.5,85.0
C122,4,0.4693,0.3115,0.0,0.0,0.2191,A,0.4693,112,22.5,86.5,85.0
C122,5,0.5061,0.2395,0.0,0.0457,0.2086,A,0.5061,105,22.5,86.5,85.0
C123,1,0.4534,0.4144,0.0,0.0092,0.123,A,0.4534,112,22.5,87.5,19.0
C123,2,0.287,0.4442,0.0,0.1172,0.1517,B,0.4442,100,22.5,87.5,19.0
C123,3,0.3572,0.4393,0.0,0.0,0.2035,B,0.4393,111,22.5,87.5,19.0
C123,4,0.4043,0.3905,0.0,0.1133,0.0918,A,0.4043,112,22.5,87.5,19.0
C123,5,0.5054,0.3318,0.0,0.145,0.0178,A,0.5054,105,22.5,87.5,19.0
C124,1,0.4633,0.2992,0.0,0.1438,0.0937,A,0.4633,112,22.5,88.5,3.0
C124,2,0.1069,0.3532,0.0,0.3711,0.1688,D,0.3711,100,22.5,88.5,3.0
C124,3,0.198,0.3632,0.0,0.3444,0.0944,B,0.3632,111,22.5,88.5,3.0
C124,4,0.2173,0.4103,0.0,0.1914,0.1809,B,0.4103,112,22.5,88.5,3.0
C124,5,0.2473,0.3629,0.0,0.1783,0.2116,B,0.3629,105,22.5,88.5,3.0
C125,1,0.5672,0.1524,0.0555,0.16,0.0649,A,0.5672,112,23.5,68.5,2.0
C125,2,0.6129,0.0175,0.111,0.1708,0.0877,A,0.6129,100,23.5,68.5,2.0
C125,3,0.7491,0.0,0.1105,0.1202,0.0201,A,0.7491,111,23.5,68.5,2.0
C125,4,0.8119,0.0,0.1272,0.0593,0.0015,A,0.8119,112,23.5,68.5,2.0
C125,5,0.7472,0.0459,0.1372,0.0302,0.0396,A,0.7472,105,23.5,68.5,2.0
C126,1,0.6781,0.2725,0.0494,0.0,0.0,A,0.6781,112,23.5,69.5,7.0
C126,2,0.6181,0.2812,0.1007,0.0,0.0,A,0.6181,100,23.5,69.5,7.0
C126,3,0.5178,0.3015,0.1684,0.0,0.0123,A,0.5178,111,23.5,69.5,7.0
C126,4,0.4698,0.3332,0.197,0.0,0.0,A,0.4698,112,23.5,69.5,7.0
C126,5,0.4197,0.3516,0.2287,0.0,0.0,A,0.4197,105,23.5,69.5,7.0
C127,1,0.6722,0.3278,0.0,0.0,0.0,A,0.6722,112,23.5,70.5,93.0
C127,2,0.6006,0.3994,0.0,0.0,0.0,A,0.6006,100,23.5,70.5,93.0
C127,3,0.5578,0.4027,0.0342,0.0,0.0053,A,0.5578,111,23.5,70.5,93.0
C127,4,0.5638,0.3836,0.0526,0.0,0.0,A,0.5638,112,23.5,70.5,93.0
C127,5,0.4665,0.3906,0.1429,0.0,0.0,A,0.4665,105,23.5,70.5,93.0
C128,1,0.4962,0.4346,0.0,0.0692,0.0,A,0.4962,112,23.5,71.5,2.0
C128,2,0.2333,0.5874,0.0332,0.1461,0.0,B,0.5874,100,23.5,71.5,2.0
C128,3,0.1898,0.654,0.0806,0.0756,0.0,B,0.654,111,23.5,71.5,2.0
C128,4,0.1405,0.7061,0.1345,0.0188,0.0,B,0.7061,112,23.5,71.5,2.0
C128,5,0.0902,0.7227,0.1871,0.0,0.0,B,0.7227,105,23.5,71.5,2.0
C129,1,0.5938,0.284,0.0739,0.0,0.0483,A,0.5938,112,23.5,72.5,94.0
C129,2,0.3858,0.3722,0.0146,0.1906,0.0367,A,0.3858,100,23.5,72.5,94.0
C129,3,0.4265,0.3934,0.0666,0.1072,0.0063,A,0.4265,111,23.5,72.5,94.0
C129,4,0.3259,0.446,0.1374,0.0,0.0907,B,0.446,112,23.5,72.5,94.0
C129,5,0.3786,0.4422,0.157,0.0222,0.0,B,0.4422,105,23.5,72.5,94.0
C130,1,0.4113,0.5223,0.0487,0.0176,0.0,B,0.5223,112,23.5,73.5,233.0
C130,2,0.3723,0.5542,0.0735,0.0,0.0,B,0.5542,100,23.5,73.5,233.0
C130,3,0.3555,0.5529,0.0916,0.0,0.0,B,0.5529,111,23.5,73.5,233.0
C130,4,0.3897,0.5026,0.1078,0.0,0.0,B,0.5026,112,23.5,73.5,233.0
C130,5,0.342,0.4666,0.1913,0.0,0.0,B,0.4666,105,23.5,73.5,233.0
C131,1,0.4908,0.4122,0.0254,0.0716,0.0,A,0.4908,112,23.5,74.5,312.0
C131,2,0.3275,0.4939,0.1,0.0787,0.0,B,0.4939,100,23.5,74.5,312.0
C131,3,0.402,0.5152,0.0436,0.0393,0.0,B,0.5152,111,23.5,74.5,312.0
C131,4,0.47,0.5226,0.0074,0.0,0.0,B,0.5226,112,23.5,74.5,312.0
C131,5,0.3634,0.5734,0.0632,0.0,0.0,B,0.5734,105,23.5,74.5,312.0
C132,1,0.6881,0.2111,0.032,0.0,0.0688,A,0.6881,112,23.5,75.5,492.0
C132,2,0.4556,0.3898,0.0615,0.0931,0.0,A,0.4556,100,23.5,75.5,492.0
C132,3,0.3938,0.493,0.0231,0.0901,0.0,B,0.493,111,23.5,75.5,492.0
C132,4,0.4986,0.5014,0.0,0.0,0.0,B,0.5014,112,23.5,75.5,492.0
C132,5,0.4737,0.5263,0.0,0.0,0.0,B,0.5263,105,23.5,75.5,492.0
C133,1,0.6403,0.0993,0.0228,0.0,0.2376,A,0.6403,112,23.5,76.5,433.0
C133,2,0.7534,0.1755,0.0711,0.0,0.0,A,0.7534,100,23.5,76.5,433.0
C133,3,0.6897,0.2557,0.0,0.0265,0.0281,A,0.6897,111,23.5,76.5,433.0
C133,4,0.3534,0.4493,0.0,0.0154,0.1819,B,0.4493,112,23.5,76.5,433.0
C133,5,0.5104,0.412,0.0,0.0,0.0776,A,0.5104,105,23.5,76.5,433.0
C134,1,0.5077,0.0871,0.0,0.2489,0.1563,A,0.5077,112,23.5,77.5,468.0
C134,2,0.7304,0.2026,0.0451,0.0218,0.0,A,0.7304,100,23.5,77.5,468.0
C134,3,0.5803,0.2847,0.0,0.0,0.135,A,0.5803,111,23.5,77.5,468.0
C134,4,0.238,0.4483,0.0,0.0,0.3137,B,0.4483,112,23.5,77.5,468.0
C134,5,0.2828,0.4384,0.0,0.0,0.2788,B,0.4384,105,23.5,77.5,468.0
C135,1,0.6226,0.1944,0.0,0.1005,0.0825,A,0.6226,112,23.5,78.5,585.0
C135,2,0.426,0.3452,0.0,0.1655,0.0633,A,0.426,100,23.5,78.5,585.0
C135,3,0.5905,0.3283,0.0,0.0,0.0812,A,0.5905,111,23.5,78.5,585.0
C135,4,0.2831,0.483,0.0,0.0,0.2339,B,0.483,112,23.5,78.5,585.0
C135,5,0.1916,0.5522,0.0,0.0,0.2563,B,0.5522,105,23.5,78.5,585.0
C136,1,0.3485,0.5286,0.0,0.0843,0.0386,B,0.5286,112,23.5,79.5,423.0
C136,2,0.1902,0.7051,0.0136,0.0911,0.0,B,0.7051,100,23.5,79.5,423.0
C136,3,0.3076,0.6924,0.0,0.0,0.0,B,0.6924,111,23.5,79.5,423.0
C136,4,0.1115,0.7886,0.018,0.0,0.0819,B,0.7886,112,23.5,79.5,423.0
C136,5,0.0119,0.806,0.0,0.0,0.1821,B,0.806,105,23.5,79.5,423.0
C137,1,0.6178,0.2434,0.0,0.064,0.0748,A,0.6178,112,23.5,80.5,571.0
C137,2,0.5455,0.3531,0.0065,0.0,0.095,A,0.5455,100,23.5,80.5,571.0
C137,3,0.5219,0.3889,0.0,0.0,0.0892,A,0.5219,111,23.5,80.5,571.0
C137,4,0.2279,0.5016,0.0,0.0,0.2705,B,0.5016,112,23.5,80.5,571.0
C137,5,0.2913,0.4365,0.0,0.0,0.2721,B,0.4365,105,23.5,80.5,571.0
C138,1,0.4336,0.5664,0.0,0.0,0.0,B,0.5664,112,23.5,81.5,562.0
C138,2,0.1892,0.711,0.0391,0.0,0.0607,B,0.711,100,23.5,81.5,562.0
C138,3,0.2395,0.7379,0.0226,0.0,0.0,B,0.7379,111,23.5,81.5,562.0
C138,4,0.1757,0.7711,0.0337,0.0,0.0195,B,0.7711,112,23.5,81.5,562.0
C138,5,0.1971,0.7712,0.0317,0.0,0.0,B,0.7712,105,23.5,81.5,562.0
C139,1,0.6254,0.2094,0.0,0.0845,0.0807,A,0.6254,112,23.5,82.5,790.0
C139,2,0.4211,0.3366,0.0175,0.0,0.2248,A,0.4211,100,23.5,82.5,790.0
C139,3,0.5165,0.3694,0.0,0.0208,0.0933,A,0.5165,111,23.5,82.5,790.0
C139,4,0.2728,0.4188,0.0,0.0,0.3083,B,0.4188,112,23.5,82.5,790.0
C139,5,0.3226,0.4367,0.0,0.0,0.2406,B,0.4367,105,23.5,82.5,790.0
C140,1,0.5875,0.144,0.0,0.119,0.1494,A,0.5875,112,23.5,83.5,692.0
C140,2,0.3966,0.2947,0.0256,0.0,0.2831,A,0.3966,100,23.5,83.5,692.0
C140,3,0.4583,0.2833,0.0,0.0419,0.2164,A,0.4583,111,23.5,83.5,692.0
C140,4,0.4714,0.2881,0.0,0.0,0.2404,A,0.4714,112,23.5,83.5,692.0
C140,5,0.5227,0.3277,0.0,0.0,0.1496,A,0.5227,105,23.5,83.5,692.0
C141,1,0.7613,0.1317,0.0,0.0,0.1069,A,0.7613,112,23.5,84.5,766.0
C141,2,0.6153,0.1976,0.0,0.0,0.1871,A,0.6153,100,23.5,84.5,766.0
C141,3,0.6934,0.2126,0.0,0.0,0.0939,A,0.6934,111,23.5,84.5,766.0
C141,4,0.6912,0.1897,0.0,0.0,0.1191,A,0.6912,112,23.5,84.5,766.0
C141,5,0.5775,0.2345,0.0,0.0,0.1881,A,0.5775,105,23.5,84.5,766.0
C142,1,0.3121,0.6366,0.0504,0.0,0.0009,B,0.6366,112,23.5,85.5,663.0
C142,2,0.3274,0.6179,0.0547,0.0,0.0,B,0.6179,100,23.5,85.5,663.0
C142,3,0.326,0.6453,0.0287,0.0,0.0,B,0.6453,111,23.5,85.5,663.0
C142,4,0.3499,0.6158,0.0343,0.0,0.0,B,0.6158,112,23.5,85.5,663.0
C142,5,0.2897,0.6746,0.0186,0.0124,0.0048,B,0.6746,105,23.5,85.5,663.0
C143,1,0.3168,0.4959,0.0,0.0476,0.1397,B,0.4959,112,23.5,86.5,189.0
C143,2,0.3402,0.5191,0.0088,0.0,0.132,B,0.5191,100,23.5,86.5,189.0
C143,3,0.2778,0.5822,0.0,0.0,0.1399,B,0.5822,111,23.5,86.5,189.0
C143,4,0.3372,0.5185,0.0,0.0,0.1443,B,0.5185,112,23.5,86.5,189.0
C143,5,0.2913,0.5319,0.0,0.0,0.1767,B,0.5319,105,23.5,86.5,189.0
C144,1,0.3391,0.3898,0.0,0.0,0.2711,B,0.3898,112,23.5,87.5,53.0
C144,2,0.2141,0.4447,0.0,0.0,0.3412,B,0.4447,100,23.5,87.5,53.0
C144,3,0.171,0.5034,0.0,0.0,0.3255,B,0.5034,111,23.5,87.5,53.0
C144,4,0.2867,0.4402,0.0,0.0,0.2731,B,0.4402,112,23.5,87.5,53.0
C144,5,0.4493,0.3804,0.0,0.0,0.1703,A,0.4493,105,23.5,87.5,53.0
C145,1,0.2528,0.3192,0.0,0.2573,0.1707,B,0.3192,112,23.5,88.5,11.0
C145,2,0.169,0.3949,0.0,0.2808,0.1553,B,0.3949,100,23.5,88.5,11.0
C145,3,0.1133,0.4766,0.0,0.1465,0.2636,B,0.4766,111,23.5,88.5,11.0
C145,4,0.1757,0.5207,0.0,0.0,0.3035,B,0.5207,112,23.5,88.5,11.0
C145,5,0.3937,0.438,0.0,0.0279,0.1404,B,0.438,105,23.5,88.5,11.0
C146,1,0.4538,0.3205,0.0725,0.0,0.1531,A,0.4538,112,23.5,91.5,39.0
C146,2,0.2358,0.457,0.0172,0.0,0.29,B,0.457,100,23.5,91.5,39.0
C146,3,0.0139,0.5429,0.2453,0.0,0.1979,B,0.5429,111,23.5,91.5,39.0
C146,4,0.0755,0.5461,0.139,0.0,0.2394,B,0.5461,112,23.5,91.5,39.0
C146,5,0.1582,0.5338,0.1369,0.0,0.1711,B,0.5338,105,23.5,91.5,39.0
C147,1,0.5685,0.2539,0.1244,0.0,0.0532,A,0.5685,112,23.5,92.5,737.0
C147,2,0.613,0.2323,0.0,0.0,0.1547,A,0.613,100,23.5,92.5,737.0
C147,3,0.4402,0.3522,0.2076,0.0,0.0,A,0.4402,111,23.5,92.5,737.0
C147,4,0.1805,0.441,0.3785,0.0,0.0,B,0.441,112,23.5,92.5,737.0
C147,5,0.4659,0.3765,0.1577,0.0,0.0,A,0.4659,105,23.5,92.5,737.0
C148,1,0.5299,0.4169,0.0069,0.0464,0.0,A,0.5299,112,24.5,71.5,29.0
C148,2,0.2709,0.5766,0.0,0.1525,0.0,B,0.5766,100,24.5,71.5,29.0
C148,3,0.1425,0.6843,0.0048,0.1684,0.0,B,0.6843,111,24.5,71.5,29.0
C148,4,0.2031,0.6913,0.0459,0.0467,0.0129,B,0.6913,112,24.5,71.5,29.0
C148,5,0.2045,0.7192,0.0763,0.0,0.0,B,0.7192,105,24.5,71.5,29.0
C149,1,0.3833,0.5064,0.036,0.0109,0.0633,B,0.5064,112,24.5,72.5,264.0
C149,2,0.1882,0.6878,0.0676,0.0418,0.0146,B,0.6878,100,24.5,72.5,264.0
C149,3,0.1989,0.7081,0.0,0.093,0.0,B,0.7081,111,24.5,72.5,264.0
C149,4,0.2474,0.7526,0.0,0.0,0.0,B,0.7526,112,24.5,72.5,264.0
C149,5,0.2361,0.7432,0.0207,0.0,0.0,B,0.7432,105,24.5,72.5,264.0
C150,1,0.7643,0.0,0.0,0.0,0.2357,A,0.7643,112,24.5,73.5,591.0
C150,2,0.7429,0.0,0.0338,0.0,0.2234,A,0.7429,100,24.5,73.5,591.0
C150,3,0.723,0.0332,0.0,0.0,0.2438,A,0.723,111,24.5,73.5,591.0
C150,4,0.4885,0.114,0.0543,0.0,0.3432,A,0.4885,112,24.5,73.5,591.0
C150,5,0.5294,0.2349,0.0939,0.0,0.1418,A,0.5294,105,24.5,73.5,591.0
C151,1,0.7055,0.1068,0.0684,0.0,0.1192,A,0.7055,112,24.5,74.5,460.0
C151,2,0.5612,0.2164,0.0382,0.1819,0.0023,A,0.5612,100,24.5,74.5,460.0
C151,3,0.5443,0.3579,0.0,0.0978,0.0,A,0.5443,111,24.5,74.5,460.0
C151,4,0.5587,0.4255,0.0,0.0,0.0158,A,0.5587,112,24.5,74.5,460.0
C151,5,0.5142,0.4858,0.0,0.0,0.0,A,0.5142,105,24.5,74.5,460.0
C152,1,0.3513,0.5511,0.0713,0.0,0.0263,B,0.5511,112,24.5,75.5,498.0
C152,2,0.2007,0.7384,0.0609,0.0,0.0,B,0.7384,100,24.5,75.5,498.0
C152,3,0.2791,0.7054,0.0155,0.0,0.0,B,0.7054,111,24.5,75.5,498.0
C152,4,0.2801,0.7098,0.0101,0.0,0.0,B,0.7098,112,24.5,75.5,498.0
C152,5,0.2638,0.7362,0.0,0.0,0.0,B,0.7362,105,24.5,75.5,498.0
C153,1,0.6049,0.1019,0.0,0.1277,0.1655,A,0.6049,112,24.5,76.5,320.0
C153,2,0.5908,0.2548,0.0,0.1544,0.0,A,0.5908,100,24.5,76.5,320.0
C153,3,0.5194,0.4281,0.0,0.0,0.0525,A,0.5194,111,24.5,76.5,320.0
C153,4,0.3407,0.5087,0.0,0.0,0.1506,B,0.5087,112,24.5,76.5,320.0
C153,5,0.2467,0.5607,0.0,0.0,0.1926,B,0.5607,105,24.5,76.5,320.0
C154,1,0.5819,0.104,0.0504,0.1548,0.1089,A,0.5819,112,24.5,77.5,482.0
C154,2,0.5387,0.3068,0.0255,0.1289,0.0,A,0.5387,100,24.5,77.5,482.0
C154,3,0.5953,0.3739,0.0,0.0,0.0308,A,0.5953,111,24.5,77.5,482.0
C154,4,0.3625,0.4516,0.0,0.0,0.1859,B,0.4516,112,24.5,77.5,482.0
C154,5,0.1604,0.571,0.0,0.0,0.2686,B,0.571,105,24.5,77.5,482.0
C155,1,0.4989,0.2936,0.0312,0.028,0.1483,A,0.4989,112,24.5,78.5,395.0
C155,2,0.3783,0.4251,0.0,0.169,0.0277,B,0.4251,100,24.5,78.5,395.0
C155,3,0.3047,0.5345,0.0397,0.048,0.0731,B,0.5345,111,24.5,78.5,395.0
C155,4,0.3199,0.5793,0.0214,0.0,0.0794,B,0.5793,112,24.5,78.5,395.0
C155,5,0.1811,0.624,0.01,0.0,0.1849,B,0.624,105,24.5,78.5,395.0
C156,1,0.7829,0.0008,0.0,0.0005,0.2157,A,0.7829,112,24.5,79.5,373.0
C156,2,0.7574,0.1798,0.0,0.0,0.0629,A,0.7574,100,24.5,79.5,373.0
C156,3,0.6803,0.2395,0.0,0.0,0.0802,A,0.6803,111,24.5,79.5,373.0
C156,4,0.4754,0.3197,0.0,0.0,0.2049,A,0.4754,112,24.5,79.5,373.0
C156,5,0.3519,0.3503,0.0,0.0,0.2978,A,0.3519,105,24.5,79.5,373.0
C157,1,0.6452,0.2166,0.0,0.0426,0.0956,A,0.6452,112,24.5,80.5,343.0
C157,2,0.5048,0.4348,0.0079,0.0,0.0525,A,0.5048,100,24.5,80.5,343.0
C157,3,0.4086,0.5181,0.0025,0.0,0.0708,B,0.5181,111,24.5,80.5,343.0
C157,4,0.1427,0.6619,0.0161,0.0,0.1793,B,0.6619,112,24.5,80.5,343.0
C157,5,0.1626,0.6335,0.0,0.0,0.2039,B,0.6335,105,24.5,80.5,343.0
C158,1,0.7733,0.1722,0.0,0.0273,0.0272,A,0.7733,112,24.5,81.5,327.0
C158,2,0.5296,0.334,0.0,0.0316,0.1049,A,0.5296,100,24.5,81.5,327.0
C158,3,0.511,0.4407,0.0,0.0,0.0483,A,0.511,111,24.5,81.5,327.0
C158,4,0.2613,0.5693,0.0,0.0,0.1693,B,0.5693,112,24.5,81.5,327.0
C158,5,0.1665,0.5972,0.0,0.0,0.2363,B,0.5972,105,24.5,81.5,327.0
C159,1,0.6487,0.0,0.0,0.1754,0.1759,A,0.6487,112,24.5,82.5,227.0
C159,2,0.5782,0.0964,0.0,0.1038,0.2216,A,0.5782,100,24.5,82.5,227.0
C159,3,0.6729,0.1929,0.0,0.0,0.1341,A,0.6729,111,24.5,82.5,227.0
C159,4,0.3318,0.3019,0.0,0.0,0.3663,E,0.3663,112,24.5,82.5,227.0
C159,5,0.3081,0.3458,0.0,0.0,0.3461,E,0.3461,105,24.5,82.5,227.0
C160,1,0.2884,0.3541,0.0,0.0,0.3575,E,0.3575,112,24.5,83.5,178.0
C160,2,0.339,0.3852,0.0,0.0,0.2758,B,0.3852,100,24.5,83.5,178.0
C160,3,0.2629,0.4857,0.0,0.0,0.2514,B,0.4857,111,24.5,83.5,178.0
C160,4,0.2403,0.5041,0.0,0.0,0.2556,B,0.5041,112,24.5,83.5,178.0
C160,5,0.0233,0.6312,0.0,0.0,0.3455,B,0.6312,105,24.5,83.5,178.0
C161,1,0.3305,0.5861,0.0,0.0,0.0834,B,0.5861,112,24.5,84.5,309.0
C161,2,0.371,0.6224,0.0066,0.0,0.0,B,0.6224,100,24.5,84.5,309.0
C161,3,0.3361,0.6639,0.0,0.0,0.0,B,0.6639,111,24.5,84.5,309.0
C161,4,0.2984,0.7016,0.0,0.0,0.0,B,0.7016,112,24.5,84.5,309.0
C161,5,0.1233,0.7632,0.0206,0.0,0.0929,B,0.7632,105,24.5,84.5,309.0
C162,1,0.4358,0.3658,0.0,0.0913,0.1071,A,0.4358,112,24.5,85.5,356.0
C162,2,0.4949,0.4074,0.0,0.0597,0.038,A,0.4949,100,24.5,85.5,356.0
C162,3,0.4231,0.4552,0.0,0.0,0.1217,B,0.4552,111,24.5,85.5,356.0
C162,4,0.406,0.4792,0.0,0.0,0.1149,B,0.4792,112,24.5,85.5,356.0
C162,5,0.3164,0.5116,0.0,0.0261,0.1459,B,0.5116,105,24.5,85.5,356.0
C163,1,0.2921,0.5105,0.0141,0.0231,0.1602,B,0.5105,112,24.5,86.5,264.0
C163,2,0.372,0.5567,0.0151,0.0325,0.0237,B,0.5567,100,24.5,86.5,264.0
C163,3,0.1812,0.7099,0.0,0.0,0.1089,B,0.7099,111,24.5,86.5,264.0
C163,4,0.2351,0.6571,0.0193,0.0,0.0886,B,0.6571,112,24.5,86.5,264.0
C163,5,0.2923,0.654,0.0,0.0,0.0537,B,0.654,105,24.5,86.5,264.0
C164,1,0.5201,0.2064,0.0,0.1311,0.1425,A,0.5201,112,24.5,87.5,123.0
C164,2,0.351,0.2346,0.0398,0.0951,0.2795,A,0.351,100,24.5,87.5,123.0
C164,3,0.2909,0.3407,0.0,0.1021,0.2663,B,0.3407,111,24.5,87.5,123.0
C164,4,0.3636,0.3112,0.0,0.0484,0.2769,A,0.3636,112,24.5,87.5,123.0
C164,5,0.4287,0.3309,0.0,0.0,0.2404,A,0.4287,105,24.5,87.5,123.0
C165,1,0.3616,0.5028,0.0,0.0,0.1356,B,0.5028,112,24.5,92.5,80.0
C165,2,0.2144,0.6086,0.0022,0.0,0.1748,B,0.6086,100,24.5,92.5,80.0
C165,3,0.0944,0.6809,0.0343,0.0,0.1904,B,0.6809,111,24.5,92.5,80.0
C165,4,0.1541,0.66,0.0799,0.0,0.106,B,0.66,112,24.5,92.5,80.0
C165,5,0.0873,0.6614,0.0317,0.0283,0.1914,B,0.6614,105,24.5,92.5,80.0
C166,1,0.5483,0.1787,0.0,0.1272,0.1457,A,0.5483,112,24.5,93.5,563.0
C166,2,0.2055,0.3153,0.0,0.1807,0.2984,B,0.3153,100,24.5,93.5,563.0
C166,3,0.2117,0.3374,0.1048,0.1768,0.1693,B,0.3374,111,24.5,93.5,563.0
C166,4,0.0,0.388,0.2037,0.2371,0.1712,B,0.388,112,24.5,93.5,563.0
C166,5,0.092,0.3627,0.1401,0.2001,0.2051,B,0.3627,105,24.5,93.5,563.0
C167,1,0.3983,0.5155,0.02,0.0,0.0662,B,0.5155,112,25.5,71.5,107.0
C167,2,0.3343,0.5298,0.0565,0.0021,0.0774,B,0.5298,100,25.5,71.5,107.0
C167,3,0.3356,0.6488,0.0156,0.0,0.0,B,0.6488,111,25.5,71.5,107.0
C167,4,0.269,0.6495,0.0055,0.0,0.076,B,0.6495,112,25.5,71.5,107.0
C167,5,0.2535,0.6915,0.055,0.0,0.0,B,0.6915,105,25.5,71.5,107.0
C168,1,0.4995,0.1663,0.0669,0.2327,0.0346,A,0.4995,112,25.5,72.5,155.0
C168,2,0.4201,0.3292,0.0948,0.1558,0.0,A,0.4201,100,25.5,72.5,155.0
C168,3,0.4027,0.5265,0.0,0.0708,0.0,B,0.5265,111,25.5,72.5,155.0
C168,4,0.4032,0.5968,0.0,0.0,0.0,B,0.5968,112,25.5,72.5,155.0
C168,5,0.3574,0.6329,0.0,0.0097,0.0,B,0.6329,105,25.5,72.5,155.0
C169,1,0.39,0.3479,0.0,0.1862,0.0759,A,0.39,112,25.5,73.5,283.0
C169,2,0.3284,0.4225,0.0333,0.2158,0.0,B,0.4225,100,25.5,73.5,283.0
C169,3,0.2332,0.636,0.0,0.0622,0.0687,B,0.636,111,25.5,73.5,283.0
C169,4,0.2769,0.6709,0.0058,0.0093,0.0371,B,0.6709,112,25.5,73.5,283.0
C169,5,0.2977,0.609,0.0442,0.0492,0.0,B,0.609,105,25.5,73.5,283.0
C170,1,0.6326,0.2688,0.0292,0.0,0.0693,A,0.6326,112,25.5,74.5,463.0
C170,2,0.5109,0.3287,0.069,0.064,0.0274,A,0.5109,100,25.5,74.5,463.0
C170,3,0.3889,0.5617,0.0013,0.0,0.0481,B,0.5617,111,25.5,74.5,463.0
C170,4,0.3393,0.6234,0.0373,0.0,0.0,B,0.6234,112,25.5,74.5,463.0
C170,5,0.3741,0.5737,0.0522,0.0,0.0,B,0.5737,105,25.5,74.5,463.0
C171,1,0.7879,0.1125,0.0,0.0026,0.0969,A,0.7879,112,25.5,75.5,295.0
C171,2,0.6394,0.2046,0.0165,0.0,0.1395,A,0.6394,100,25.5,75.5,295.0
C171,3,0.5014,0.4366,0.0,0.0072,0.0549,A,0.5014,111,25.5,75.5,295.0
C171,4,0.3142,0.5648,0.0,0.0123,0.1087,B,0.5648,112,25.5,75.5,295.0
C171,5,0.3785,0.5917,0.0,0.0299,0.0,B,0.5917,105,25.5,75.5,295.0
C172,1,0.6291,0.2424,0.0062,0.1224,0.0,A,0.6291,112,25.5,76.5,228.0
C172,2,0.4584,0.4814,0.0225,0.0104,0.0274,B,0.4814,100,25.5,76.5,228.0
C172,3,0.3825,0.5826,0.0348,0.0,0.0,B,0.5826,111,25.5,76.5,228.0
C172,4,0.3155,0.5701,0.0363,0.0,0.0782,B,0.5701,112,25.5,76.5,228.0
C172,5,0.1022,0.6901,0.0562,0.0,0.1515,B,0.6901,105,25.5,76.5,228.0
C173,1,0.6282,0.1404,0.047,0.144,0.0403,A,0.6282,112,25.5,77.5,474.0
C173,2,0.5586,0.3387,0.0435,0.0,0.0592,A,0.5586,100,25.5,77.5,474.0
C173,3,0.5045,0.4383,0.0278,0.0,0.0294,A,0.5045,111,25.5,77.5,474.0
C173,4,0.3591,0.4788,0.0156,0.0,0.1464,B,0.4788,112,25.5,77.5,474.0
C173,5,0.1254,0.5991,0.0024,0.0,0.273,B,0.5991,105,25.5,77.5,474.0
C174,1,0.794,0.1501,0.0,0.0208,0.0351,A,0.794,112,25.5,78.5,245.0
C174,2,0.6113,0.341,0.0,0.0,0.0478,A,0.6113,100,25.5,78.5,245.0
C174,3,0.4782,0.4465,0.0,0.0,0.0753,A,0.4782,111,25.5,78.5,245.0
C174,4,0.3218,0.5356,0.0,0.0,0.1426,B,0.5356,112,25.5,78.5,245.0
C174,5,0.2413,0.5459,0.0,0.0,0.2128,B,0.5459,105,25.5,78.5,245.0
C175,1,0.6403,0.2939,0.0047,0.058,0.0031,A,0.6403,112,25.5,79.5,166.0
C175,2,0.4542,0.5007,0.0451,0.0,0.0,B,0.5007,100,25.5,79.5,166.0
C175,3,0.3448,0.584,0.0712,0.0,0.0,B,0.584,111,25.5,79.5,166.0
C175,4,0.1148,0.6904,0.0992,0.0,0.0955,B,0.6904,112,25.5,79.5,166.0
C175,5,0.1452,0.6584,0.0892,0.0,0.1072,B,0.6584,105,25.5,79.5,166.0
C176,1,0.5622,0.2998,0.0,0.1151,0.0229,A,0.5622,112,25.5,80.5,116.0
C176,2,0.4668,0.5079,0.0,0.0,0.0253,B,0.5079,100,25.5,80.5,116.0
C176,3,0.3543,0.6324,0.0134,0.0,0.0,B,0.6324,111,25.5,80.5,116.0
C176,4,0.0191,0.7938,0.0557,0.0,0.1313,B,0.7938,112,25.5,80.5,116.0
C176,5,0.1114,0.7772,0.017,0.0,0.0943,B,0.7772,105,25.5,80.5,116.0
C177,1,0.4547,0.2552,0.0,0.2054,0.0846,A,0.4547,112,25.5,81.5,99.0
C177,2,0.4943,0.3528,0.0,0.1103,0.0426,A,0.4943,100,25.5,81.5,99.0
C177,3,0.3917,0.479,0.0,0.0699,0.0593,B,0.479,111,25.5,81.5,99.0
C177,4,0.2094,0.5871,0.0,0.0,0.2035,B,0.5871,112,25.5,81.5,99.0
C177,5,0.2002,0.6145,0.0,0.0,0.1853,B,0.6145,105,25.5,81.5,99.0
C178,1,0.5494,0.3363,0.0,0.0334,0.0809,A,0.5494,112,25.5,82.5,86.0
C178,2,0.5075,0.4305,0.0,0.0101,0.052,A,0.5075,100,25.5,82.5,86.0
C178,3,0.4146,0.5294,0.0,0.0,0.0561,B,0.5294,111,25.5,82.5,86.0
C178,4,0.3419,0.5642,0.0,0.0,0.0939,B,0.5642,112,25.5,82.5,86.0
C178,5,0.2056,0.6292,0.0,0.0,0.1652,B,0.6292,105,25.5,82.5,86.0
C179,1,0.4703,0.4247,0.0,0.0,0.105,A,0.4703,112,25.5,83.5,64.0
C179,2,0.452,0.5157,0.0,0.0,0.0323,B,0.5157,100,25.5,83.5,64.0
C179,3,0.2874,0.6025,0.0,0.0,0.11,B,0.6025,111,25.5,83.5,64.0
C179,4,0.2923,0.6272,0.0,0.0,0.0806,B,0.6272,112,25.5,83.5,64.0
C179,5,0.1988,0.6595,0.0,0.0179,0.1237,B,0.6595,105,25.5,83.5,64.0
C180,1,0.5031,0.3938,0.0,0.0842,0.0189,A,0.5031,112,25.5,84.5,66.0
C180,2,0.423,0.489,0.0,0.0879,0.0,B,0.489,100,25.5,84.5,66.0
C180,3,0.3013,0.586,0.0,0.0,0.1128,B,0.586,111,25.5,84.5,66.0
C180,4,0.265,0.6482,0.0,0.0,0.0868,B,0.6482,112,25.5,84.5,66.0
C180,5,0.2598,0.5728,0.0,0.1674,0.0,B,0.5728,105,25.5,84.5,66.0
C181,1,0.3813,0.6029,0.0003,0.0,0.0155,B,0.6029,112,25.5,85.5,47.0
C181,2,0.2788,0.7212,0.0,0.0,0.0,B,0.7212,100,25.5,85.5,47.0
C181,3,0.1732,0.8052,0.0,0.0,0.0216,B,0.8052,111,25.5,85.5,47.0
C181,4,0.1399,0.8534,0.0008,0.0,0.0059,B,0.8534,112,25.5,85.5,47.0
C181,5,0.1237,0.8053,0.0005,0.058,0.0125,B,0.8053,105,25.5,85.5,47.0
C182,1,0.2975,0.4778,0.01,0.1167,0.0979,B,0.4778,112,25.5,86.5,36.0
C182,2,0.2928,0.586,0.0,0.0543,0.0669,B,0.586,100,25.5,86.5,36.0
C182,3,0.119,0.6164,0.0,0.1517,0.1128,B,0.6164,111,25.5,86.5,36.0
C182,4,0.1454,0.6565,0.0024,0.0768,0.1189,B,0.6565,112,25.5,86.5,36.0
C182,5,0.2046,0.6608,0.0,0.0004,0.1341,B,0.6608,105,25.5,86.5,36.0
C183,1,0.3822,0.4039,0.0448,0.0716,0.0974,B,0.4039,112,25.5,87.5,31.0
C183,2,0.2972,0.5317,0.034,0.0024,0.1348,B,0.5317,100,25.5,87.5,31.0
C183,3,0.1409,0.5727,0.0,0.1305,0.1559,B,0.5727,111,25.5,87.5,31.0
C183,4,0.1671,0.5875,0.0,0.0715,0.1738,B,0.5875,112,25.5,87.5,31.0
C183,5,0.3063,0.5717,0.0,0.0,0.122,B,0.5717,105,25.5,87.5,31.0
C184,1,0.4431,0.4351,0.0116,0.0698,0.0404,A,0.4431,112,25.5,88.5,30.0
C184,2,0.3078,0.5074,0.0227,0.128,0.0341,B,0.5074,100,25.5,88.5,30.0
C184,3,0.1183,0.5936,0.0,0.0775,0.2106,B,0.5936,111,25.5,88.5,30.0
C184,4,0.116,0.5902,0.0,0.0649,0.2289,B,0.5902,112,25.5,88.5,30.0
C184,5,0.2912,0.5669,0.0056,0.0127,0.1235,B,0.5669,105,25.5,88.5,30.0
C185,1,0.4225,0.1796,0.1362,0.0,0.2617,A,0.4225,112,25.5,90.5,473.0
C185,2,0.3823,0.2238,0.1459,0.0,0.248,A,0.3823,100,25.5,90.5,473.0
C185,3,0.3543,0.2379,0.121,0.0,0.2868,A,0.3543,111,25.5,90.5,473.0
C185,4,0.3861,0.211,0.0643,0.0,0.3387,A,0.3861,112,25.5,90.5,473.0
C185,5,0.4886,0.1961,0.0571,0.0,0.2583,A,0.4886,105,25.5,90.5,473.0
C186,1,0.3494,0.2278,0.1375,0.0875,0.1979,A,0.3494,112,25.5,91.5,1656.0
C186,2,0.0,0.3824,0.2174,0.0865,0.3138,B,0.3824,100,25.5,91.5,1656.0
C186,3,0.0,0.4019,0.2652,0.1616,0.1713,B,0.4019,111,25.5,91.5,1656.0
C186,4,0.0,0.3833,0.3049,0.1252,0.1865,B,0.3833,112,25.5,91.5,1656.0
C186,5,0.0,0.3769,0.2133,0.1379,0.2719,B,0.3769,105,25.5,91.5,1656.0
C187,1,0.3229,0.3873,0.1722,0.0,0.1175,B,0.3873,112,25.5,92.5,1067.0
C187,2,0.0633,0.5518,0.2113,0.0,0.1737,B,0.5518,100,25.5,92.5,1067.0
C187,3,0.1501,0.5683,0.1322,0.0,0.1494,B,0.5683,111,25.5,92.5,1067.0
C187,4,0.0953,0.5804,0.1286,0.0,0.1957,B,0.5804,112,25.5,92.5,1067.0
C187,5,0.0617,0.587,0.1484,0.0,0.2029,B,0.587,105,25.5,92.5,1067.0
C188,1,0.3877,0.3789,0.0,0.0,0.2333,A,0.3877,112,25.5,93.5,512.0
C188,2,0.1466,0.5532,0.0,0.0296,0.2706,B,0.5532,100,25.5,93.5,512.0
C188,3,0.1142,0.557,0.0,0.0774,0.2514,B,0.557,111,25.5,93.5,512.0
C188,4,0.0266,0.5638,0.0,0.1139,0.2958,B,0.5638,112,25.5,93.5,512.0
C188,5,0.1775,0.5731,0.0,0.0804,0.169,B,0.5731,105,25.5,93.5,512.0
C189,1,0.3266,0.4459,0.0,0.1961,0.0313,B,0.4459,112,25.5,94.5,1324.0
C189,2,0.0833,0.7483,0.0,0.1639,0.0044,B,0.7483,100,25.5,94.5,1324.0
C189,3,0.0885,0.6958,0.0,0.2157,0.0,B,0.6958,111,25.5,94.5,1324.0
C189,4,0.0369,0.803,0.0,0.1598,0.0003,B,0.803,112,25.5,94.5,1324.0
C189,5,0.1563,0.6773,0.0,0.1664,0.0,B,0.6773,105,25.5,94.5,1324.0
C190,1,0.4694,0.487,0.0,0.0,0.0436,B,0.487,112,26.5,70.5,165.0
C190,2,0.3306,0.6297,0.0397,0.0,0.0,B,0.6297,100,26.5,70.5,165.0
C190,3,0.3914,0.5758,0.0328,0.0,0.0,B,0.5758,111,26.5,70.5,165.0
C190,4,0.4941,0.4733,0.0225,0.0,0.0101,A,0.4941,112,26.5,70.5,165.0
C190,5,0.3984,0.6016,0.0,0.0,0.0,B,0.6016,105,26.5,70.5,165.0
C191,1,0.2632,0.4454,0.1869,0.0412,0.0633,B,0.4454,112,26.5,71.5,298.0
C191,2,0.2543,0.3733,0.2904,0.0544,0.0276,B,0.3733,100,26.5,71.5,298.0
C191,3,0.1704,0.4434,0.3003,0.0,0.0859,B,0.4434,111,26.5,71.5,298.0
C191,4,0.1692,0.4835,0.1933,0.0,0.1541,B,0.4835,112,26.5,71.5,298.0
C191,5,0.1518,0.5388,0.2758,0.0,0.0335,B,0.5388,105,26.5,71.5,298.0
C192,1,0.3416,0.2624,0.1486,0.0658,0.1815,A,0.3416,112,26.5,72.5,327.0
C192,2,0.3813,0.1666,0.3764,0.0186,0.0571,A,0.3813,100,26.5,72.5,327.0
C192,3,0.2546,0.3461,0.2916,0.0311,0.0766,B,0.3461,111,26.5,72.5,327.0
C192,4,0.2885,0.3827,0.244,0.0125,0.0723,B,0.3827,112,26.5,72.5,327.0
C192,5,0.2756,0.4134,0.2999,0.0,0.0111,B,0.4134,105,26.5,72.5,327.0
C193,1,0.308,0.4651,0.0,0.0962,0.1307,B,0.4651,112,26.5,73.5,292.0
C193,2,0.3019,0.3678,0.147,0.1338,0.0495,B,0.3678,100,26.5,73.5,292.0
C193,3,0.2514,0.5798,0.0574,0.0,0.1113,B,0.5798,111,26.5,73.5,292.0
C193,4,0.2684,0.586,0.115,0.0,0.0305,B,0.586,112,26.5,73.5,292.0
C193,5,0.2683,0.5417,0.1697,0.0203,0.0,B,0.5417,105,26.5,73.5,292.0
C194,1,0.6487,0.0731,0.0,0.1155,0.1627,A,0.6487,112,26.5,74.5,431.0
C194,2,0.5053,0.1842,0.0,0.0987,0.2117,A,0.5053,100,26.5,74.5,431.0
C194,3,0.4844,0.3134,0.0,0.0395,0.1627,A,0.4844,111,26.5,74.5,431.0
C194,4,0.3261,0.4261,0.0,0.0073,0.2406,B,0.4261,112,26.5,74.5,431.0
C194,5,0.3348,0.4722,0.0,0.0988,0.0942,B,0.4722,105,26.5,74.5,431.0
C195,1,0.4767,0.3347,0.0,0.1886,0.0,A,0.4767,112,26.5,75.5,311.0
C195,2,0.5109,0.3642,0.0318,0.0384,0.0547,A,0.5109,100,26.5,75.5,311.0
C195,3,0.3658,0.5577,0.041,0.0214,0.0141,B,0.5577,111,26.5,75.5,311.0
C195,4,0.2035,0.594,0.0698,0.0603,0.0724,B,0.594,112,26.5,75.5,311.0
C195,5,0.164,0.6534,0.0586,0.0628,0.0613,B,0.6534,105,26.5,75.5,311.0
C196,1,0.5021,0.3417,0.01,0.1394,0.0068,A,0.5021,112,26.5,76.5,258.0
C196,2,0.3987,0.4963,0.0617,0.0177,0.0257,B,0.4963,100,26.5,76.5,258.0
C196,3,0.2873,0.6063,0.1063,0.0,0.0,B,0.6063,111,26.5,76.5,258.0
C196,4,0.1879,0.6463,0.1188,0.0,0.047,B,0.6463,112,26.5,76.5,258.0
C196,5,0.0359,0.7006,0.1456,0.0,0.1178,B,0.7006,105,26.5,76.5,258.0
C197,1,0.3591,0.4045,0.1036,0.1329,0.0,B,0.4045,112,26.5,77.5,296.0
C197,2,0.1301,0.7233,0.0759,0.0707,0.0,B,0.7233,100,26.5,77.5,296.0
C197,3,0.1083,0.7555,0.1362,0.0,0.0,B,0.7555,111,26.5,77.5,296.0
C197,4,0.0,0.8052,0.1793,0.0,0.0155,B,0.8052,112,26.5,77.5,296.0
C197,5,0.0,0.7366,0.1867,0.0,0.0766,B,0.7366,105,26.5,77.5,296.0
C198,1,0.6095,0.3252,0.0382,0.0189,0.0082,A,0.6095,112,26.5,78.5,160.0
C198,2,0.317,0.6277,0.0553,0.0,0.0,B,0.6277,100,26.5,78.5,160.0
C198,3,0.1444,0.7577,0.0978,0.0,0.0,B,0.7577,111,26.5,78.5,160.0
C198,4,0.0415,0.7832,0.1372,0.0,0.038,B,0.7832,112,26.5,78.5,160.0
C198,5,0.0,0.7414,0.1658,0.0,0.0928,B,0.7414,105,26.5,78.5,160.0
C199,1,0.5319,0.3785,0.0,0.0499,0.0397,A,0.5319,112,26.5,79.5,131.0
C199,2,0.4238,0.5111,0.0395,0.0,0.0256,B,0.5111,100,26.5,79.5,131.0
C199,3,0.3247,0.6166,0.0545,0.0,0.0042,B,0.6166,111,26.5,79.5,131.0
C199,4,0.0538,0.7615,0.0957,0.0,0.089,B,0.7615,112,26.5,79.5,131.0
C199,5,0.1306,0.6938,0.0931,0.0,0.0824,B,0.6938,105,26.5,79.5,131.0
C200,1,0.4707,0.3471,0.0,0.1578,0.0245,A,0.4707,112,26.5,80.5,126.0
C200,2,0.3542,0.5378,0.0077,0.0538,0.0465,B,0.5378,100,26.5,80.5,126.0
C200,3,0.2851,0.6379,0.0196,0.0575,0.0,B,0.6379,111,26.5,80.5,126.0
C200,4,0.1877,0.7307,0.0309,0.0,0.0507,B,0.7307,112,26.5,80.5,126.0
C200,5,0.2257,0.7319,0.0193,0.0,0.0231,B,0.7319,105,26.5,80.5,126.0
C201,1,0.6969,0.213,0.0,0.0,0.0901,A,0.6969,112,26.5,81.5,112.0
C201,2,0.3533,0.3818,0.0,0.1624,0.1026,B,0.3818,100,26.5,81.5,112.0
C201,3,0.3723,0.5041,0.0,0.0457,0.0779,B,0.5041,111,26.5,81.5,112.0
C201,4,0.2699,0.5837,0.0,0.0,0.1464,B,0.5837,112,26.5,81.5,112.0
C201,5,0.1829,0.6382,0.0,0.0,0.1789,B,0.6382,105,26.5,81.5,112.0
C202,1,0.6354,0.2872,0.0,0.0,0.0775,A,0.6354,112,26.5,82.5,89.0
C202,2,0.4187,0.4014,0.0,0.1252,0.0547,A,0.4187,100,26.5,82.5,89.0
C202,3,0.3524,0.5087,0.0,0.0,0.1389,B,0.5087,111,26.5,82.5,89.0
C202,4,0.2706,0.5645,0.0,0.0,0.165,B,0.5645,112,26.5,82.5,89.0
C202,5,0.2153,0.5963,0.0,0.0077,0.1807,B,0.5963,105,26.5,82.5,89.0
C203,1,0.3151,0.4443,0.0,0.1946,0.046,B,0.4443,112,26.5,83.5,71.0
C203,2,0.3388,0.5329,0.0,0.1283,0.0,B,0.5329,100,26.5,83.5,71.0
C203,3,0.2885,0.6022,0.0,0.0392,0.0702,B,0.6022,111,26.5,83.5,71.0
C203,4,0.2576,0.6382,0.0,0.0364,0.0677,B,0.6382,112,26.5,83.5,71.0
C203,5,0.1849,0.6158,0.0,0.185,0.0142,B,0.6158,105,26.5,83.5,71.0
C204,1,0.4752,0.4406,0.0,0.0,0.0842,A,0.4752,112,26.5,84.5,70.0
C204,2,0.3889,0.5039,0.0,0.1072,0.0,B,0.5039,100,26.5,84.5,70.0
C204,3,0.248,0.5609,0.0,0.014,0.1771,B,0.5609,111,26.5,84.5,70.0
C204,4,0.1739,0.5672,0.0,0.0603,0.1986,B,0.5672,112,26.5,84.5,70.0
C204,5,0.2578,0.5737,0.0,0.0467,0.1218,B,0.5737,105,26.5,84.5,70.0
C205,1,0.5094,0.4137,0.0,0.077,0.0,A,0.5094,112,26.5,85.5,58.0
C205,2,0.3901,0.5202,0.0,0.0897,0.0,B,0.5202,100,26.5,85.5,58.0
C205,3,0.2051,0.4278,0.0,0.2846,0.0824,B,0.4278,111,26.5,85.5,58.0
C205,4,0.2159,0.4548,0.0,0.2529,0.0764,B,0.4548,112,26.5,85.5,58.0
C205,5,0.3073,0.5188,0.0,0.1674,0.0065,B,0.5188,105,26.5,85.5,58.0
C206,1,0.3873,0.4832,0.0,0.042,0.0874,B,0.4832,112,26.5,86.5,74.0
C206,2,0.3093,0.5712,0.0,0.06,0.0595,B,0.5712,100,26.5,86.5,74.0
C206,3,0.0634,0.6177,0.0,0.1282,0.1907,B,0.6177,111,26.5,86.5,74.0
C206,4,0.0847,0.6249,0.0,0.1208,0.1696,B,0.6249,112,26.5,86.5,74.0
C206,5,0.1957,0.638,0.0,0.0594,0.1069,B,0.638,105,26.5,86.5,74.0
C207,1,0.3336,0.4719,0.0436,0.0,0.151,B,0.4719,112,26.5,89.5,46.0
C207,2,0.244,0.5534,0.0503,0.0,0.1523,B,0.5534,100,26.5,89.5,46.0
C207,3,0.1835,0.5923,0.1135,0.0,0.1106,B,0.5923,111,26.5,89.5,46.0
C207,4,0.2714,0.5681,0.0416,0.0,0.1189,B,0.5681,112,26.5,89.5,46.0
C207,5,0.31,0.5446,0.0123,0.0,0.133,B,0.5446,105,26.5,89.5,46.0
C208,1,0.3586,0.4308,0.0907,0.0,0.12,B,0.4308,112,26.5,90.5,60.0
C208,2,0.2526,0.513,0.0698,0.0,0.1646,B,0.513,100,26.5,90.5,60.0
C208,3,0.34,0.5704,0.0896,0.0,0.0,B,0.5704,111,26.5,90.5,60.0
C208,4,0.3452,0.5187,0.0,0.0,0.136,B,0.5187,112,26.5,90.5,60.0
C208,5,0.312,0.5461,0.0446,0.0,0.0973,B,0.5461,105,26.5,90.5,60.0
C209,1,0.3753,0.4149,0.038,0.0566,0.1151,B,0.4149,112,26.5,91.5,56.0
C209,2,0.1204,0.5338,0.0994,0.066,0.1803,B,0.5338,100,26.5,91.5,56.0
C209,3,0.2041,0.5634,0.0466,0.0266,0.1593,B,0.5634,111,26.5,91.5,56.0
C209,4,0.2413,0.567,0.0476,0.0,0.1441,B,0.567,112,26.5,91.5,56.0
C209,5,0.2064,0.6186,0.1182,0.0,0.0568,B,0.6186,105,26.5,91.5,56.0
C210,1,0.4104,0.445,0.0,0.0262,0.1183,B,0.445,112,26.5,92.5,60.0
C210,2,0.069,0.6492,0.0,0.0,0.2818,B,0.6492,100,26.5,92.5,60.0
C210,3,0.0494,0.6859,0.0134,0.0363,0.215,B,0.6859,111,26.5,92.5,60.0
C210,4,0.0608,0.6997,0.0617,0.0049,0.1729,B,0.6997,112,26.5,92.5,60.0
C210,5,0.0,0.6773,0.1093,0.0217,0.1917,B,0.6773,105,26.5,92.5,60.0
C211,1,0.5182,0.3741,0.0,0.0505,0.0573,A,0.5182,112,26.5,93.5,594.0
C211,2,0.2594,0.4975,0.0,0.0659,0.1772,B,0.4975,100,26.5,93.5,594.0
C211,3,0.3001,0.5175,0.0,0.021,0.1615,B,0.5175,111,26.5,93.5,594.0
C211,4,0.3963,0.5358,0.0576,0.0067,0.0036,B,0.5358,112,26.5,93.5,594.0
C211,5,0.2146,0.5785,0.0829,0.0,0.124,B,0.5785,105,26.5,93.5,594.0
C212,1,0.4553,0.4674,0.0,0.0,0.0773,B,0.4674,112,26.5,94.5,690.0
C212,2,0.2405,0.6234,0.0166,0.0,0.1195,B,0.6234,100,26.5,94.5,690.0
C212,3,0.2148,0.6665,0.0105,0.0,0.1082,B,0.6665,111,26.5,94.5,690.0
C212,4,0.1945,0.7264,0.0729,0.0,0.0062,B,0.7264,112,26.5,94.5,690.0
C212,5,0.1523,0.7324,0.0799,0.034,0.0014,B,0.7324,105,26.5,94.5,690.0
C213,1,0.29,0.6315,0.0412,0.0,0.0372,B,0.6315,112,27.5,70.5,126.0
C213,2,0.1838,0.6832,0.0614,0.0,0.0716,B,0.6832,100,27.5,70.5,126.0
C213,3,0.2202,0.7138,0.0522,0.0,0.0137,B,0.7138,111,27.5,70.5,126.0
C213,4,0.2535,0.7301,0.0164,0.0,0.0,B,0.7301,112,27.5,70.5,126.0
C213,5,0.2534,0.736,0.0106,0.0,0.0,B,0.736,105,27.5,70.5,126.0
C214,1,0.4583,0.3368,0.0863,0.0378,0.0808,A,0.4583,112,27.5,71.5,159.0
C214,2,0.0737,0.5777,0.1615,0.1871,0.0,B,0.5777,100,27.5,71.5,159.0
C214,3,0.0915,0.5811,0.2042,0.0928,0.0304,B,0.5811,111,27.5,71.5,159.0
C214,4,0.137,0.5914,0.2328,0.0388,0.0,B,0.5914,112,27.5,71.5,159.0
C214,5,0.1179,0.5829,0.2537,0.0454,0.0,B,0.5829,105,27.5,71.5,159.0
C215,1,0.3339,0.5446,0.0263,0.0517,0.0434,B,0.5446,112,27.5,72.5,195.0
C215,2,0.1963,0.569,0.1472,0.0874,0.0,B,0.569,100,27.5,72.5,195.0
C215,3,0.1144,0.6136,0.1903,0.0,0.0817,B,0.6136,111,27.5,72.5,195.0
C215,4,0.1584,0.5861,0.1884,0.0,0.0671,B,0.5861,112,27.5,72.5,195.0
C215,5,0.1338,0.5985,0.2676,0.0,0.0,B,0.5985,105,27.5,72.5,195.0
C216,1,0.4564,0.3798,0.0587,0.0345,0.0706,A,0.4564,112,27.5,73.5,315.0
C216,2,0.4116,0.3517,0.1415,0.0952,0.0,A,0.4116,100,27.5,73.5,315.0
C216,3,0.402,0.3372,0.2066,0.0,0.0542,A,0.402,111,27.5,73.5,315.0
C216,4,0.3788,0.3681,0.2532,0.0,0.0,A,0.3788,112,27.5,73.5,315.0
C216,5,0.3509,0.3529,0.2961,0.0,0.0,B,0.3529,105,27.5,73.5,315.0
C217,1,0.4811,0.2747,0.058,0.1455,0.0407,A,0.4811,112,27.5,74.5,333.0
C217,2,0.4577,0.2643,0.1438,0.0941,0.04,A,0.4577,100,27.5,74.5,333.0
C217,3,0.4752,0.3494,0.1106,0.0,0.0647,A,0.4752,111,27.5,74.5,333.0
C217,4,0.4165,0.3823,0.162,0.0046,0.0346,A,0.4165,112,27.5,74.5,333.0
C217,5,0.3102,0.4037,0.2401,0.0461,0.0,B,0.4037,105,27.5,74.5,333.0
C218,1,0.61,0.2531,0.0138,0.0759,0.0472,A,0.61,112,27.5,75.5,492.0
C218,2,0.5782,0.3244,0.0207,0.0197,0.0571,A,0.5782,100,27.5,75.5,492.0
C218,3,0.4905,0.4612,0.0106,0.0377,0.0,A,0.4905,111,27.5,75.5,492.0
C218,4,0.4415,0.4383,0.0423,0.0046,0.0734,A,0.4415,112,27.5,75.5,492.0
C218,5,0.3237,0.4648,0.0861,0.0,0.1254,B,0.4648,105,27.5,75.5,492.0
C219,1,0.519,0.4115,0.0359,0.0314,0.0022,A,0.519,112,27.5,76.5,477.0
C219,2,0.3437,0.6057,0.016,0.0346,0.0,B,0.6057,100,27.5,76.5,477.0
C219,3,0.282,0.629,0.0573,0.0316,0.0,B,0.629,111,27.5,76.5,477.0
C219,4,0.2794,0.6378,0.0828,0.0,0.0,B,0.6378,112,27.5,76.5,477.0
C219,5,0.137,0.6964,0.0936,0.0,0.073,B,0.6964,105,27.5,76.5,477.0
C220,1,0.4671,0.3249,0.0,0.093,0.115,A,0.4671,112,27.5,77.5,183.0
C220,2,0.3233,0.5145,0.0,0.0813,0.0809,B,0.5145,100,27.5,77.5,183.0
C220,3,0.3573,0.582,0.0,0.0262,0.0346,B,0.582,111,27.5,77.5,183.0
C220,4,0.2876,0.6273,0.0156,0.0,0.0695,B,0.6273,112,27.5,77.5,183.0
C220,5,0.2141,0.6274,0.0405,0.0,0.1181,B,0.6274,105,27.5,77.5,183.0
C221,1,0.6317,0.2976,0.0,0.0303,0.0403,A,0.6317,112,27.5,78.5,171.0
C221,2,0.3469,0.5123,0.0,0.0775,0.0634,B,0.5123,100,27.5,78.5,171.0
C221,3,0.2726,0.619,0.0,0.0497,0.0587,B,0.619,111,27.5,78.5,171.0
C221,4,0.2163,0.6817,0.0,0.0074,0.0945,B,0.6817,112,27.5,78.5,171.0
C221,5,0.2004,0.6787,0.0009,0.0049,0.1151,B,0.6787,105,27.5,78.5,171.0
C222,1,0.4572,0.3846,0.0,0.0842,0.074,A,0.4572,112,27.5,79.5,152.0
C222,2,0.2828,0.559,0.0,0.1109,0.0472,B,0.559,100,27.5,79.5,152.0
C222,3,0.2003,0.6787,0.0,0.0278,0.0932,B,0.6787,111,27.5,79.5,152.0
C222,4,0.171,0.7238,0.0,0.0109,0.0943,B,0.7238,112,27.5,79.5,152.0
C222,5,0.2443,0.6826,0.0,0.0351,0.038,B,0.6826,105,27.5,79.5,152.0
C223,1,0.6617,0.2485,0.0,0.0,0.0899,A,0.6617,112,27.5,80.5,137.0
C223,2,0.2923,0.3936,0.0,0.2359,0.0782,B,0.3936,100,27.5,80.5,137.0
C223,3,0.3569,0.5536,0.0,0.0,0.0894,B,0.5536,111,27.5,80.5,137.0
C223,4,0.2857,0.6008,0.0,0.0,0.1135,B,0.6008,112,27.5,80.5,137.0
C223,5,0.2998,0.5692,0.0,0.0505,0.0805,B,0.5692,105,27.5,80.5,137.0
C224,1,0.5475,0.3807,0.0,0.0,0.0718,A,0.5475,112,27.5,81.5,115.0
C224,2,0.2415,0.4938,0.0,0.167,0.0978,B,0.4938,100,27.5,81.5,115.0
C224,3,0.2188,0.6005,0.0,0.0976,0.0831,B,0.6005,111,27.5,81.5,115.0
C224,4,0.2303,0.6712,0.0,0.0,0.0985,B,0.6712,112,27.5,81.5,115.0
C224,5,0.1809,0.6658,0.0,0.0535,0.0997,B,0.6658,105,27.5,81.5,115.0
C225,1,0.4936,0.4589,0.0,0.0307,0.0168,A,0.4936,112,27.5,82.5,105.0
C225,2,0.2789,0.5058,0.0,0.2153,0.0,B,0.5058,100,27.5,82.5,105.0
C225,3,0.2281,0.5869,0.0,0.0937,0.0913,B,0.5869,111,27.5,82.5,105.0
C225,4,0.1948,0.6344,0.0,0.1079,0.0629,B,0.6344,112,27.5,82.5,105.0
C225,5,0.202,0.723,0.0,0.075,0.0,B,0.723,105,27.5,82.5,105.0
C226,1,0.6222,0.0789,0.0163,0.2826,0.0,A,0.6222,112,27.5,88.5,1775.0
C226,2,0.497,0.1294,0.0,0.3736,0.0,A,0.497,100,27.5,88.5,1775.0
C226,3,0.4729,0.1794,0.0255,0.2996,0.0228,A,0.4729,111,27.5,88.5,1775.0
C226,4,0.6004,0.2418,0.036,0.1218,0.0,A,0.6004,112,27.5,88.5,1775.0
C226,5,0.677,0.2566,0.0,0.0333,0.033,A,0.677,105,27.5,88.5,1775.0
C227,1,0.0,0.1859,0.3335,0.0,0.4806,E,0.4806,112,27.5,92.5,2230.0
C227,2,0.0,0.2568,0.2438,0.0,0.4995,E,0.4995,100,27.5,92.5,2230.0
C227,3,0.0,0.2872,0.2234,0.0,0.4894,E,0.4894,111,27.5,92.5,2230.0
C227,4,0.0,0.347,0.1405,0.0,0.5125,E,0.5125,112,27.5,92.5,2230.0
C227,5,0.0,0.3474,0.1568,0.0,0.4957,E,0.4957,105,27.5,92.5,2230.0
C228,1,0.0531,0.0,0.9469,0.0,0.0,C,0.9469,112,27.5,93.5,1639.0
C228,2,0.0999,0.0,0.9001,0.0,0.0,C,0.9001,100,27.5,93.5,1639.0
C228,3,0.0264,0.0,0.9164,0.0,0.0572,C,0.9164,111,27.5,93.5,1639.0
C228,4,0.0584,0.0,0.9416,0.0,0.0,C,0.9416,112,27.5,93.5,1639.0
C228,5,0.1301,0.0,0.8699,0.0,0.0,C,0.8699,105,27.5,93.5,1639.0
C229,1,0.4929,0.3772,0.0,0.0,0.1299,A,0.4929,112,27.5,94.5,108.0
C229,2,0.0788,0.6629,0.0861,0.0,0.1721,B,0.6629,100,27.5,94.5,108.0
C229,3,0.1193,0.7198,0.0823,0.0,0.0786,B,0.7198,111,27.5,94.5,108.0
C229,4,0.0927,0.7338,0.1037,0.0,0.0699,B,0.7338,112,27.5,94.5,108.0
C229,5,0.1105,0.7057,0.1356,0.0,0.0482,B,0.7057,105,27.5,94.5,108.0
C230,1,0.5985,0.2713,0.0678,0.0,0.0623,A,0.5985,112,27.5,95.5,129.0
C230,2,0.3176,0.4424,0.134,0.0,0.106,B,0.4424,100,27.5,95.5,129.0
C230,3,0.3313,0.4873,0.1227,0.0,0.0587,B,0.4873,111,27.5,95.5,129.0
C230,4,0.3001,0.5206,0.1792,0.0,0.0,B,0.5206,112,27.5,95.5,129.0
C230,5,0.3309,0.5167,0.1524,0.0,0.0,B,0.5167,105,27.5,95.5,129.0
C231,1,0.6986,0.0704,0.0,0.0998,0.1313,A,0.6986,112,27.5,96.5,438.0
C231,2,0.4342,0.152,0.0,0.136,0.2777,A,0.4342,100,27.5,96.5,438.0
C231,3,0.2184,0.2232,0.0,0.341,0.2173,D,0.341,111,27.5,96.5,438.0
C231,4,0.1953,0.2588,0.0,0.3096,0.2363,D,0.3096,112,27.5,96.5,438.0
C231,5,0.2824,0.2062,0.0,0.3919,0.1195,D,0.3919,105,27.5,96.5,438.0
C232,1,0.3514,0.5493,0.0593,0.0082,0.0318,B,0.5493,112,28.5,72.5,129.0
C232,2,0.1963,0.6672,0.1156,0.021,0.0,B,0.6672,100,28.5,72.5,129.0
C232,3,0.1937,0.6403,0.1134,0.0,0.0526,B,0.6403,111,28.5,72.5,129.0
C232,4,0.2185,0.6218,0.1597,0.0,0.0,B,0.6218,112,28.5,72.5,129.0
C232,5,0.1581,0.6174,0.2245,0.0,0.0,B,0.6174,105,28.5,72.5,129.0
C233,1,0.4171,0.4665,0.0158,0.0312,0.0694,B,0.4665,112,28.5,73.5,211.0
C233,2,0.3381,0.5193,0.0625,0.0782,0.0018,B,0.5193,100,28.5,73.5,211.0
C233,3,0.317,0.5578,0.077,0.0,0.0482,B,0.5578,111,28.5,73.5,211.0
C233,4,0.2939,0.5715,0.1045,0.0,0.0302,B,0.5715,112,28.5,73.5,211.0
C233,5,0.2774,0.5706,0.1513,0.0,0.0008,B,0.5706,105,28.5,73.5,211.0
C234,1,0.4866,0.3708,0.1122,0.0,0.0304,A,0.4866,112,28.5,74.5,255.0
C234,2,0.5245,0.2319,0.1794,0.0641,0.0,A,0.5245,100,28.5,74.5,255.0
C234,3,0.481,0.3234,0.188,0.0,0.0075,A,0.481,111,28.5,74.5,255.0
C234,4,0.5304,0.2782,0.1915,0.0,0.0,A,0.5304,112,28.5,74.5,255.0
C234,5,0.5252,0.2182,0.2566,0.0,0.0,A,0.5252,105,28.5,74.5,255.0
C235,1,0.5159,0.3558,0.0,0.1284,0.0,A,0.5159,112,28.5,75.5,262.0
C235,2,0.4804,0.3902,0.0561,0.0733,0.0,A,0.4804,100,28.5,75.5,262.0
C235,3,0.3809,0.4598,0.0808,0.0705,0.0079,B,0.4598,111,28.5,75.5,262.0
C235,4,0.4727,0.4403,0.0831,0.0,0.0039,A,0.4727,112,28.5,75.5,262.0
C235,5,0.4572,0.4088,0.1158,0.0182,0.0,A,0.4572,105,28.5,75.5,262.0
C236,1,0.534,0.2828,0.0,0.1544,0.0288,A,0.534,112,28.5,76.5,217.0
C236,2,0.3987,0.4852,0.0,0.0528,0.0633,B,0.4852,100,28.5,76.5,217.0
C236,3,0.4174,0.5633,0.0,0.0158,0.0035,B,0.5633,111,28.5,76.5,217.0
C236,4,0.2801,0.5533,0.0286,0.0442,0.0938,B,0.5533,112,28.5,76.5,217.0
C236,5,0.3151,0.52,0.048,0.0747,0.0423,B,0.52,105,28.5,76.5,217.0
C237,1,0.745,0.1688,0.0,0.0,0.0862,A,0.745,112,28.5,77.5,197.0
C237,2,0.4626,0.3563,0.0,0.0,0.1812,A,0.4626,100,28.5,77.5,197.0
C237,3,0.4296,0.4778,0.0,0.0,0.0926,B,0.4778,111,28.5,77.5,197.0
C237,4,0.3036,0.545,0.0,0.0,0.1514,B,0.545,112,28.5,77.5,197.0
C237,5,0.2652,0.5131,0.0,0.0284,0.1933,B,0.5131,105,28.5,77.5,197.0
C238,1,0.6613,0.2557,0.0,0.0153,0.0677,A,0.6613,112,28.5,78.5,195.0
C238,2,0.1751,0.4797,0.0,0.1244,0.2208,B,0.4797,100,28.5,78.5,195.0
C238,3,0.3279,0.515,0.0,0.0211,0.136,B,0.515,111,28.5,78.5,195.0
C238,4,0.2568,0.55,0.0,0.0481,0.1451,B,0.55,112,28.5,78.5,195.0
C238,5,0.2232,0.559,0.0,0.0214,0.1964,B,0.559,105,28.5,78.5,195.0
C239,1,0.5034,0.2981,0.0,0.1229,0.0755,A,0.5034,112,28.5,79.5,176.0
C239,2,0.2699,0.4575,0.0,0.1486,0.1239,B,0.4575,100,28.5,79.5,176.0
C239,3,0.3716,0.502,0.0,0.0,0.1263,B,0.502,111,28.5,79.5,176.0
C239,4,0.3836,0.5079,0.0,0.0,0.1086,B,0.5079,112,28.5,79.5,176.0
C239,5,0.39,0.4955,0.0,0.0,0.1145,B,0.4955,105,28.5,79.5,176.0
C240,1,0.6631,0.199,0.0,0.0664,0.0715,A,0.6631,112,28.5,80.5,160.0
C240,2,0.455,0.2897,0.0,0.1527,0.1026,A,0.455,100,28.5,80.5,160.0
C240,3,0.3969,0.3754,0.0,0.1704,0.0573,A,0.3969,111,28.5,80.5,160.0
C240,4,0.4734,0.4492,0.0,0.0,0.0774,A,0.4734,112,28.5,80.5,160.0
C240,5,0.4517,0.3905,0.0,0.0,0.1578,A,0.4517,105,28.5,80.5,160.0
C241,1,0.1549,0.5524,0.0137,0.2764,0.0027,B,0.5524,112,28.5,93.5,3175.0
C241,2,0.0062,0.7411,0.1634,0.0893,0.0,B,0.7411,100,28.5,93.5,3175.0
C241,3,0.0,0.7621,0.0261,0.2118,0.0,B,0.7621,111,28.5,93.5,3175.0
C241,4,0.0,0.8453,0.0149,0.1398,0.0,B,0.8453,112,28.5,93.5,3175.0
C241,5,0.0,0.9431,0.0,0.0569,0.0,B,0.9431,105,28.5,93.5,3175.0
C242,1,0.5507,0.2845,0.0861,0.0528,0.0259,A,0.5507,112,28.5,94.5,1424.0
C242,2,0.3341,0.5688,0.0064,0.0377,0.0531,B,0.5688,100,28.5,94.5,1424.0
C242,3,0.2538,0.6757,0.0,0.0598,0.0107,B,0.6757,111,28.5,94.5,1424.0
C242,4,0.2525,0.688,0.0099,0.0496,0.0,B,0.688,112,28.5,94.5,1424.0
C242,5,0.2896,0.6151,0.0494,0.0459,0.0,B,0.6151,105,28.5,94.5,1424.0
C243,1,0.315,0.0,0.685,0.0,0.0,C,0.685,112,28.5,95.5,1977.0
C243,2,0.259,0.0,0.741,0.0,0.0,C,0.741,100,28.5,95.5,1977.0
C243,3,0.1456,0.0,0.8544,0.0,0.0,C,0.8544,111,28.5,95.5,1977.0
C243,4,0.0374,0.0,0.9626,0.0,0.0,C,0.9626,112,28.5,95.5,1977.0
C243,5,0.2455,0.0,0.7545,0.0,0.0,C,0.7545,105,28.5,95.5,1977.0
C244,1,0.3499,0.5449,0.0,0.0978,0.0073,B,0.5449,112,28.5,96.5,4148.0
C244,2,0.4629,0.5371,0.0,0.0,0.0,B,0.5371,100,28.5,96.5,4148.0
C244,3,0.4039,0.441,0.0896,0.0,0.0656,B,0.441,111,28.5,96.5,4148.0
C244,4,0.4829,0.4105,0.0707,0.0,0.0359,A,0.4829,112,28.5,96.5,4148.0
C244,5,0.5629,0.4371,0.0,0.0,0.0,A,0.5629,105,28.5,96.5,4148.0
C245,1,0.4664,0.4374,0.0868,0.0,0.0094,A,0.4664,112,29.5,73.5,165.0
C245,2,0.4481,0.3244,0.1365,0.091,0.0,A,0.4481,100,29.5,73.5,165.0
C245,3,0.3771,0.4434,0.1593,0.0,0.0201,B,0.4434,111,29.5,73.5,165.0
C245,4,0.4027,0.4308,0.1666,0.0,0.0,B,0.4308,112,29.5,73.5,165.0
C245,5,0.4591,0.3508,0.19,0.0,0.0,A,0.4591,105,29.5,73.5,165.0
C246,1,0.5897,0.2732,0.0,0.0419,0.0952,A,0.5897,112,29.5,74.5,187.0
C246,2,0.5825,0.2705,0.0181,0.1289,0.0,A,0.5825,100,29.5,74.5,187.0
C246,3,0.5023,0.3856,0.0192,0.0308,0.0622,A,0.5023,111,29.5,74.5,187.0
C246,4,0.5237,0.4093,0.0217,0.0421,0.0032,A,0.5237,112,29.5,74.5,187.0
C246,5,0.5438,0.3483,0.0625,0.0454,0.0,A,0.5438,105,29.5,74.5,187.0
C247,1,0.5718,0.1488,0.0,0.1923,0.087,A,0.5718,112,29.5,75.5,213.0
C247,2,0.4943,0.3029,0.0,0.0837,0.1192,A,0.4943,100,29.5,75.5,213.0
C247,3,0.4571,0.3937,0.0,0.0708,0.0783,A,0.4571,111,29.5,75.5,213.0
C247,4,0.4456,0.4576,0.0,0.0235,0.0734,B,0.4576,112,29.5,75.5,213.0
C247,5,0.4763,0.432,0.0,0.0917,0.0,A,0.4763,105,29.5,75.5,213.0
C248,1,0.5971,0.2586,0.0,0.0776,0.0667,A,0.5971,112,29.5,76.5,230.0
C248,2,0.42,0.4403,0.0,0.0,0.1397,B,0.4403,100,29.5,76.5,230.0
C248,3,0.4476,0.4801,0.0,0.0461,0.0262,B,0.4801,111,29.5,76.5,230.0
C248,4,0.4387,0.5151,0.0,0.0,0.0461,B,0.5151,112,29.5,76.5,230.0
C248,5,0.3103,0.495,0.0,0.1947,0.0,B,0.495,105,29.5,76.5,230.0
C249,1,0.6477,0.304,0.0,0.0,0.0483,A,0.6477,112,29.5,77.5,246.0
C249,2,0.2946,0.5047,0.0,0.0332,0.1675,B,0.5047,100,29.5,77.5,246.0
C249,3,0.3508,0.5697,0.0,0.0,0.0794,B,0.5697,111,29.5,77.5,246.0
C249,4,0.2306,0.6254,0.0,0.0,0.144,B,0.6254,112,29.5,77.5,246.0
C249,5,0.1996,0.6458,0.0,0.0,0.1546,B,0.6458,105,29.5,77.5,246.0
C250,1,0.5935,0.2548,0.0,0.0,0.1517,A,0.5935,112,29.5,78.5,254.0
C250,2,0.4096,0.3727,0.0,0.0,0.2177,A,0.4096,100,29.5,78.5,254.0
C250,3,0.3533,0.4113,0.0,0.0,0.2353,B,0.4113,111,29.5,78.5,254.0
C250,4,0.2537,0.4634,0.0,0.0,0.2828,B,0.4634,112,29.5,78.5,254.0
C250,5,0.2503,0.4141,0.0,0.06,0.2756,B,0.4141,105,29.5,78.5,254.0
C251,1,0.7869,0.1594,0.0,0.0,0.0537,A,0.7869,112,29.5,79.5,1003.0
C251,2,0.8204,0.1796,0.0,0.0,0.0,A,0.8204,100,29.5,79.5,1003.0
C251,3,0.7894,0.1543,0.0,0.0,0.0563,A,0.7894,111,29.5,79.5,1003.0
C251,4,0.7867,0.1213,0.0,0.0,0.092,A,0.7867,112,29.5,79.5,1003.0
C251,5,0.7268,0.1318,0.0,0.0,0.1414,A,0.7268,105,29.5,79.5,1003.0
C252,1,0.5262,0.3094,0.0,0.1252,0.0391,A,0.5262,112,30.5,74.5,198.0
C252,2,0.4554,0.3905,0.0,0.1257,0.0283,A,0.4554,100,30.5,74.5,198.0
C252,3,0.4396,0.504,0.0,0.013,0.0434,B,0.504,111,30.5,74.5,198.0
C252,4,0.3645,0.6057,0.0,0.0,0.0298,B,0.6057,112,30.5,74.5,198.0
C252,5,0.3741,0.6232,0.0,0.0,0.0027,B,0.6232,105,30.5,74.5,198.0
C253,1,0.6162,0.1726,0.0,0.1136,0.0976,A,0.6162,112,30.5,75.5,230.0
C253,2,0.4151,0.2807,0.0,0.1218,0.1825,A,0.4151,100,30.5,75.5,230.0
C253,3,0.4304,0.3607,0.0,0.0655,0.1434,A,0.4304,111,30.5,75.5,230.0
C253,4,0.3139,0.4806,0.0,0.0572,0.1482,B,0.4806,112,30.5,75.5,230.0
C253,5,0.3955,0.4815,0.0,0.0662,0.0567,B,0.4815,105,30.5,75.5,230.0
C254,1,0.66,0.3202,0.0,0.0,0.0198,A,0.66,112,30.5,76.5,262.0
C254,2,0.3048,0.4022,0.0,0.0882,0.2047,B,0.4022,100,30.5,76.5,262.0
C254,3,0.4126,0.5005,0.0,0.0,0.0869,B,0.5005,111,30.5,76.5,262.0
C254,4,0.2995,0.5737,0.0,0.0,0.1267,B,0.5737,112,30.5,76.5,262.0
C254,5,0.2341,0.5537,0.0,0.1248,0.0873,B,0.5537,105,30.5,76.5,262.0
C255,1,0.6604,0.0,0.0,0.0,0.3396,A,0.6604,112,30.5,77.5,425.0
C255,2,0.6439,0.0281,0.0,0.0,0.328,A,0.6439,100,30.5,77.5,425.0
C255,3,0.5341,0.1118,0.0,0.0,0.3541,A,0.5341,111,30.5,77.5,425.0
C255,4,0.1998,0.3212,0.0,0.0,0.479,E,0.479,112,30.5,77.5,425.0
C255,5,0.2108,0.311,0.0,0.0,0.4782,E,0.4782,105,30.5,77.5,425.0
C256,1,0.4036,0.1954,0.0,0.2859,0.1152,A,0.4036,112,30.5,78.5,1446.0
C256,2,0.4207,0.2589,0.0,0.3205,0.0,A,0.4207,100,30.5,78.5,1446.0
C256,3,0.3532,0.3605,0.0,0.2305,0.0557,B,0.3605,111,30.5,78.5,1446.0
C256,4,0.1927,0.5938,0.0,0.2135,0.0,B,0.5938,112,30.5,78.5,1446.0
C256,5,0.2756,0.4902,0.0,0.1657,0.0685,B,0.4902,105,30.5,78.5,1446.0
C257,1,0.4799,0.0957,0.0,0.272,0.1525,A,0.4799,112,30.5,79.5,2067.0
C257,2,0.4157,0.2363,0.0,0.348,0.0,A,0.4157,100,30.5,79.5,2067.0
C257,3,0.4758,0.2078,0.0,0.2616,0.0548,A,0.4758,111,30.5,79.5,2067.0
C257,4,0.4401,0.286,0.0122,0.2616,0.0,A,0.4401,112,30.5,79.5,2067.0
C257,5,0.4519,0.3031,0.0,0.2451,0.0,A,0.4519,105,30.5,79.5,2067.0
C258,1,0.6602,0.2482,0.0,0.0,0.0916,A,0.6602,112,31.5,75.5,230.0
C258,2,0.6138,0.3101,0.0,0.0,0.076,A,0.6138,100,31.5,75.5,230.0
C258,3,0.4874,0.3768,0.0,0.0,0.1358,A,0.4874,111,31.5,75.5,230.0
C258,4,0.1825,0.6187,0.0,0.0,0.1988,B,0.6187,112,31.5,75.5,230.0
C258,5,0.3324,0.5336,0.0,0.0,0.134,B,0.5336,105,31.5,75.5,230.0
C259,1,0.7558,0.0,0.0,0.0,0.2442,A,0.7558,112,31.5,76.5,705.0
C259,2,0.7032,0.0,0.0,0.0,0.2968,A,0.7032,100,31.5,76.5,705.0
C259,3,0.6299,0.0649,0.0,0.0,0.3052,A,0.6299,111,31.5,76.5,705.0
C259,4,0.3667,0.2456,0.0,0.0,0.3877,E,0.3877,112,31.5,76.5,705.0
C259,5,0.555,0.147,0.0,0.0,0.298,A,0.555,105,31.5,76.5,705.0
C260,1,0.0,0.4688,0.3169,0.0,0.2143,B,0.4688,112,31.5,77.5,2809.0
C260,2,0.0,0.4728,0.1448,0.0,0.3823,B,0.4728,100,31.5,77.5,2809.0
C260,3,0.0,0.5426,0.0979,0.0984,0.2611,B,0.5426,111,31.5,77.5,2809.0
C260,4,0.0,0.5641,0.0352,0.0,0.4006,B,0.5641,112,31.5,77.5,2809.0
C260,5,0.0,0.5584,0.0,0.1367,0.3049,B,0.5584,105,31.5,77.5,2809.0
C261,1,0.3123,0.0,0.4244,0.0197,0.2435,C,0.4244,112,31.5,78.5,3989.0
C261,2,0.3543,0.0,0.3901,0.0,0.2556,C,0.3901,100,31.5,78.5,3989.0
C261,3,0.2319,0.1154,0.3788,0.0,0.2739,C,0.3788,111,31.5,78.5,3989.0
C261,4,0.1484,0.2201,0.2652,0.0,0.3663,E,0.3663,112,31.5,78.5,3989.0
C261,5,0.0433,0.3229,0.2037,0.0,0.4301,E,0.4301,105,31.5,78.5,3989.0
C262,1,0.3815,0.6185,0.0,0.0,0.0,B,0.6185,112,32.5,75.5,679.0
C262,2,0.3477,0.5703,0.0,0.0821,0.0,B,0.5703,100,32.5,75.5,679.0
C262,3,0.2935,0.6923,0.0,0.0,0.0143,B,0.6923,111,32.5,75.5,679.0
C262,4,0.2295,0.7705,0.0,0.0,0.0,B,0.7705,112,32.5,75.5,679.0
C262,5,0.3197,0.6803,0.0,0.0,0.0,B,0.6803,105,32.5,75.5,679.0
C263,1,0.0123,0.5789,0.3523,0.0,0.0565,B,0.5789,112,32.5,76.5,2523.0
C263,2,0.1178,0.5437,0.3385,0.0,0.0,B,0.5437,100,32.5,76.5,2523.0
C263,3,0.1583,0.5671,0.2493,0.0,0.0254,B,0.5671,111,32.5,76.5,2523.0
C263,4,0.1631,0.5997,0.1994,0.0,0.0379,B,0.5997,112,32.5,76.5,2523.0
C263,5,0.222,0.5707,0.2072,0.0,0.0,B,0.5707,105,32.5,76.5,2523.0
C264,1,0.6564,0.1132,0.0051,0.1554,0.0699,A,0.6564,112,32.5,77.5,4655.0
C264,2,0.47,0.1658,0.024,0.0971,0.2431,A,0.47,100,32.5,77.5,4655.0
C264,3,0.4632,0.2876,0.0,0.0856,0.1636,A,0.4632,111,32.5,77.5,4655.0
C264,4,0.4601,0.2943,0.0,0.0663,0.1792,A,0.4601,112,32.5,77.5,4655.0
C264,5,0.5375,0.2592,0.0,0.0576,0.1457,A,0.5375,105,32.5,77.5,4655.0
C265,1,0.0,0.8289,0.0,0.0,0.1711,B,0.8289,112,33.5,74.5,3533.0
C265,2,0.0,0.7336,0.0,0.0,0.2664,B,0.7336,100,33.5,74.5,3533.0
C265,3,0.0,0.8064,0.0,0.0,0.1936,B,0.8064,111,33.5,74.5,3533.0
C265,4,0.0,0.6789,0.0,0.0,0.3211,B,0.6789,112,33.5,74.5,3533.0
C265,5,0.0,0.7343,0.0,0.0,0.2657,B,0.7343,105,33.5,74.5,3533.0
C266,1,0.4401,0.3865,0.0,0.0591,0.1143,A,0.4401,112,33.5,75.5,3275.0
C266,2,0.4345,0.3685,0.0,0.1077,0.0894,A,0.4345,100,33.5,75.5,3275.0
C266,3,0.3168,0.6147,0.0,0.0284,0.0401,B,0.6147,111,33.5,75.5,3275.0
C266,4,0.3649,0.5864,0.0229,0.0,0.0258,B,0.5864,112,33.5,75.5,3275.0
C266,5,0.4252,0.4852,0.0,0.0,0.0897,B,0.4852,105,33.5,75.5,3275.0
C267,1,0.671,0.0,0.0792,0.2434,0.0064,A,0.671,112,33.5,76.5,5233.0
C267,2,0.6333,0.0,0.1517,0.042,0.1729,A,0.6333,100,33.5,76.5,5233.0
C267,3,0.5742,0.0,0.0876,0.1431,0.1951,A,0.5742,111,33.5,76.5,5233.0
C267,4,0.5868,0.003,0.114,0.0342,0.262,A,0.5868,112,33.5,76.5,5233.0
C267,5,0.66,0.1245,0.031,0.0763,0.1082,A,0.66,105,33.5,76.5,5233.0
C268,1,0.4086,0.3932,0.0957,0.1026,0.0,A,0.4086,112,33.5,77.5,4573.0
C268,2,0.2357,0.4418,0.1886,0.059,0.0748,B,0.4418,100,33.5,77.5,4573.0
C268,3,0.233,0.5792,0.1042,0.0381,0.0455,B,0.5792,111,33.5,77.5,4573.0
C268,4,0.2178,0.6241,0.0611,0.0619,0.0351,B,0.6241,112,33.5,77.5,4573.0
C268,5,0.2653,0.5724,0.0267,0.1158,0.0197,B,0.5724,105,33.5,77.5,4573.0
C269,1,0.8252,0.0,0.0629,0.112,0.0,A,0.8252,112,33.5,78.5,5439.0
C269,2,0.6854,0.1984,0.0441,0.0652,0.0069,A,0.6854,100,33.5,78.5,5439.0
C269,3,0.626,0.299,0.0546,0.0204,0.0,A,0.626,111,33.5,78.5,5439.0
C269,4,0.542,0.4004,0.0577,0.0,0.0,A,0.542,112,33.5,78.5,5439.0
C269,5,0.5126,0.465,0.0205,0.0,0.0019,A,0.5126,105,33.5,78.5,5439.0
C270,1,1.0,0.0,0.0,0.0,0.0,A,1.0,112,34.5,73.5,1790.0
C270,2,1.0,0.0,0.0,0.0,0.0,A,1.0,100,34.5,73.5,1790.0
C270,3,0.9678,0.0322,0.0,0.0,0.0,A,0.9678,111,34.5,73.5,1790.0
C270,4,0.7641,0.2359,0.0,0.0,0.0,A,0.7641,112,34.5,73.5,1790.0
C270,5,0.918,0.082,0.0,0.0,0.0,A,0.918,105,34.5,73.5,1790.0
C271,1,1.0,0.0,0.0,0.0,0.0,A,1.0,112,34.5,74.5,2413.0
C271,2,1.0,0.0,0.0,0.0,0.0,A,1.0,100,34.5,74.5,2413.0
C271,3,1.0,0.0,0.0,0.0,0.0,A,1.0,111,34.5,74.5,2413.0
C271,4,1.0,0.0,0.0,0.0,0.0,A,1.0,112,34.5,74.5,2413.0
C271,5,1.0,0.0,0.0,0.0,0.0,A,1.0,105,34.5,74.5,2413.0
C272,1,0.8934,0.0,0.0,0.0,0.1066,A,0.8934,112,34.5,75.5,4219.0
C272,2,0.842,0.0,0.0,0.0,0.158,A,0.842,100,34.5,75.5,4219.0
C272,3,0.8142,0.0,0.0,0.0,0.1858,A,0.8142,111,34.5,75.5,4219.0
C272,4,0.7923,0.0,0.0,0.0,0.2077,A,0.7923,112,34.5,75.5,4219.0
C272,5,0.7857,0.0,0.0,0.0,0.2143,A,0.7857,105,34.5,75.5,4219.0
C273,1,0.404,0.1664,0.3011,0.1146,0.014,A,0.404,112,34.5,76.5,3414.0
C273,2,0.3107,0.1549,0.3626,0.1277,0.044,C,0.3626,100,34.5,76.5,3414.0
C273,3,0.2637,0.2526,0.2895,0.1808,0.0134,C,0.2895,111,34.5,76.5,3414.0
C273,4,0.2197,0.3319,0.3166,0.1319,0.0,B,0.3319,112,34.5,76.5,3414.0
C273,5,0.3394,0.2301,0.1795,0.251,0.0,A,0.3394,105,34.5,76.5,3414.0
C274,1,0.5723,0.0,0.1497,0.278,0.0,A,0.5723,112,34.5,77.5,4643.0
C274,2,0.5825,0.0,0.1305,0.2871,0.0,A,0.5825,100,34.5,77.5,4643.0
C274,3,0.6165,0.0,0.1171,0.2664,0.0,A,0.6165,111,34.5,77.5,4643.0
C274,4,0.54,0.0246,0.1119,0.315,0.0086,A,0.54,112,34.5,77.5,4643.0
C274,5,0.5951,0.0149,0.0953,0.2948,0.0,A,0.5951,105,34.5,77.5,4643.0
C275,1,0.7096,0.1374,0.0,0.1531,0.0,A,0.7096,112,34.5,78.5,5534.0
C275,2,0.7268,0.111,0.0,0.1622,0.0,A,0.7268,100,34.5,78.5,5534.0
C275,3,0.7399,0.0733,0.0,0.1868,0.0,A,0.7399,111,34.5,78.5,5534.0
C275,4,0.7749,0.1038,0.0,0.1214,0.0,A,0.7749,112,34.5,78.5,5534.0
C275,5,0.8193,0.1447,0.0,0.0359,0.0,A,0.8193,105,34.5,78.5,5534.0
C276,1,0.5414,0.2295,0.0456,0.1759,0.0077,A,0.5414,112,34.5,79.5,5583.0
C276,2,0.506,0.3204,0.032,0.1416,0.0,A,0.506,100,34.5,79.5,5583.0
C276,3,0.4907,0.3611,0.0046,0.1436,0.0,A,0.4907,111,34.5,79.5,5583.0
C276,4,0.4571,0.4437,0.0,0.0991,0.0,A,0.4571,112,34.5,79.5,5583.0
C276,5,0.4934,0.3464,0.0,0.1378,0.0225,A,0.4934,105,34.5,79.5,5583.0
C277,1,0.4854,0.0,0.0408,0.4739,0.0,A,0.4854,112,35.5,74.5,1694.0
C277,2,0.4326,0.0005,0.0695,0.4974,0.0001,D,0.4974,100,35.5,74.5,1694.0
C277,3,0.4219,0.032,0.0172,0.5289,0.0,D,0.5289,111,35.5,74.5,1694.0
C277,4,0.4121,0.0656,0.0483,0.474,0.0,D,0.474,112,35.5,74.5,1694.0
C277,5,0.3799,0.0922,0.0002,0.5277,0.0,D,0.5277,105,35.5,74.5,1694.0
C278,1,0.2843,0.2976,0.0,0.2631,0.1549,B,0.2976,112,35.5,75.5,4779.0
C278,2,0.2946,0.3945,0.0,0.1667,0.1441,B,0.3945,100,35.5,75.5,4779.0
C278,3,0.2556,0.4203,0.0,0.1647,0.1594,B,0.4203,111,35.5,75.5,4779.0
C278,4,0.2672,0.3929,0.0183,0.1555,0.1662,B,0.3929,112,35.5,75.5,4779.0
C278,5,0.221,0.4637,0.0494,0.0725,0.1934,B,0.4637,105,35.5,75.5,4779.0
C279,1,0.7511,0.0,0.176,0.0729,0.0,A,0.7511,112,35.5,76.5,5154.0
C279,2,0.6239,0.078,0.1489,0.0555,0.0936,A,0.6239,100,35.5,76.5,5154.0
C279,3,0.645,0.1407,0.0623,0.1127,0.0394,A,0.645,111,35.5,76.5,5154.0
C279,4,0.6033,0.1561,0.0508,0.1132,0.0765,A,0.6033,112,35.5,76.5,5154.0
C279,5,0.6497,0.161,0.0736,0.0637,0.0519,A,0.6497,105,35.5,76.5,5154.0
C280,1,0.7172,0.0,0.0773,0.2056,0.0,A,0.7172,112,35.5,77.5,5417.0
C280,2,0.5483,0.1004,0.2517,0.0636,0.036,A,0.5483,100,35.5,77.5,5417.0
C280,3,0.5129,0.2543,0.1081,0.1247,0.0,A,0.5129,111,35.5,77.5,5417.0
C280,4,0.5662,0.2709,0.0622,0.1007,0.0,A,0.5662,112,35.5,77.5,5417.0
C280,5,0.598,0.3603,0.0258,0.0158,0.0,A,0.598,105,35.5,77.5,5417.0
C281,1,0.4829,0.1468,0.0798,0.2793,0.0111,A,0.4829,112,35.5,78.5,5428.0
C281,2,0.4949,0.158,0.0644,0.28,0.0027,A,0.4949,100,35.5,78.5,5428.0
C281,3,0.4444,0.2083,0.0667,0.2608,0.0198,A,0.4444,111,35.5,78.5,5428.0
C281,4,0.3254,0.2666,0.025,0.3399,0.0431,D,0.3399,112,35.5,78.5,5428.0
C281,5,0.3579,0.269,0.0,0.345,0.0281,A,0.3579,105,35.5,78.5,5428.0
C282,1,0.4629,0.2375,0.2515,0.0387,0.0094,A,0.4629,112,35.5,79.5,4799.0
C282,2,0.4356,0.2271,0.2986,0.0,0.0387,A,0.4356,100,35.5,79.5,4799.0
C282,3,0.3668,0.3409,0.2742,0.0,0.0182,A,0.3668,111,35.5,79.5,4799.0
C282,4,0.2628,0.4051,0.24,0.0564,0.0357,B,0.4051,112,35.5,79.5,4799.0
C282,5,0.2783,0.4097,0.2079,0.0732,0.0309,B,0.4097,105,35.5,79.5,4799.0
C283,1,0.4164,0.0,0.3498,0.2338,0.0,A,0.4164,112,36.5,73.5,3635.0
C283,2,0.5039,0.0,0.349,0.1471,0.0,A,0.5039,100,36.5,73.5,3635.0
C283,3,0.5533,0.0,0.2911,0.1556,0.0,A,0.5533,111,36.5,73.5,3635.0
C283,4,0.5956,0.011,0.2835,0.1098,0.0,A,0.5956,112,36.5,73.5,3635.0
C283,5,0.5625,0.0789,0.2587,0.1,0.0,A,0.5625,105,36.5,73.5,3635.0
C284,1,0.8187,0.0,0.0803,0.0,0.101,A,0.8187,112,36.5,74.5,5973.0
C284,2,0.757,0.0,0.0506,0.0,0.1924,A,0.757,100,36.5,74.5,5973.0
C284,3,0.7463,0.0,0.0393,0.0,0.2143,A,0.7463,111,36.5,74.5,5973.0
C284,4,0.7785,0.0,0.0,0.0,0.2215,A,0.7785,112,36.5,74.5,5973.0
C284,5,0.7908,0.0,0.0,0.0,0.2092,A,0.7908,105,36.5,74.5,5973.0
C285,1,0.6487,0.1745,0.0,0.1709,0.006,A,0.6487,112,36.5,75.5,5106.0
C285,2,0.5324,0.3263,0.0213,0.1026,0.0173,A,0.5324,100,36.5,75.5,5106.0
C285,3,0.4823,0.3495,0.0288,0.0935,0.046,A,0.4823,111,36.5,75.5,5106.0
C285,4,0.4081,0.4261,0.0158,0.0923,0.0576,B,0.4261,112,36.5,75.5,5106.0
C285,5,0.2759,0.5348,0.0,0.0991,0.0902,B,0.5348,105,36.5,75.5,5106.0
